0,0.96054,0.71954,0.93375,0.92285,0.99718,0.87813,0.94567,0.97691,0.14481,0.95976,0.97905,0.9523,0.96535,0.12228,0.99743,0.71318,0.98969,0.98762,0.96983,0.94848,0.6288,0.98429,0.92029,0.98313,0.70849,0.90926,0.2538,0.91525,0.99118,0.74498,0.92046,0.99134,0.74677,0.96736,0.95681,0.84214,0.63104,0.97403,0.97702,0.7777,0.99386,0.90017,0.83965,0.97331,0.90485,0.95783,0.30618,0.96131,0.97399,0.94724,0.51694,0.91793,0.91186,0.96854,0.9411,0.98907,0.76603,0.95097,0.97899,0.33198,0.23911,0.89114,0.9683,0.94699,0.84694,0.94066,0.78529,0.27962,0.53523,0.97343,0.98964,0.94798,0.96908,0.92206,0.91394,0.96952,0.95529,0.63585,0.9863,0.3262,0.99251,0.94762,0.41451,0.77119,0.9629,0.99659,0.80697,0.94609,0.94898,0.87686,0.94358,0.46006,0.86282,0.77422,0.96578,0.85651
0.039464,0,0.072451,0.35824,0.30486,0.89414,0.24249,0.37153,0.577,0.015975,0.4398,0.61304,0.42832,0.49896,0.001109,0.8996,0.076369,0.74923,0.70996,0.53579,0.38022,0.04466,0.66391,0.36584,0.65762,0.092365,0.30086,0.0039187,0.29474,0.75395,0.11082,0.28234,0.75125,0.071392,0.50936,0.47722,0.18307,0.023792,0.53601,0.59463,0.081677,0.81394,0.303,0.18001,0.53846,0.34895,0.43849,0.039315,0.49095,0.56595,0.38682,0.014991,0.326,0.27263,0.51675,0.37531,0.72369,0.079804,0.43618,0.62295,0.0038674,0.0010908,0.24584,0.5077,0.37657,0.20452,0.34899,0.20531,0.010418,0.017198,0.56498,0.73609,0.40937,0.52424,0.33004,0.33491,0.50219,0.43907,0.10472,0.69311,0.021781,0.78568,0.41521,0.023167,0.12576,0.49701,0.878,0.15985,0.41811,0.40775,0.22718,0.37466,0.027117,0.20891,0.12877,0.48749,0.22792
0.28046,0.92755,0,0.88335,0.86229,0.99352,0.79726,0.90448,0.95799,0.12106,0.9294,0.96149,0.91618,0.93835,0.029488,0.99393,0.51794,0.98009,0.97652,0.94614,0.90969,0.36765,0.97086,0.86375,0.96846,0.49548,0.84298,0.082015,0.84568,0.98252,0.56827,0.85896,0.98306,0.47204,0.942,0.92023,0.72687,0.35141,0.95432,0.95873,0.50603,0.98748,0.83259,0.72539,0.95291,0.82075,0.92505,0.2124,0.93131,0.95295,0.9088,0.25188,0.85825,0.84286,0.94376,0.89416,0.97886,0.49721,0.91386,0.96148,0.1138,0.059431,0.80133,0.94239,0.90798,0.74233,0.89572,0.66701,0.11312,0.26469,0.95196,0.97981,0.90823,0.94507,0.86228,0.85709,0.94659,0.92071,0.50084,0.97442,0.15756,0.98493,0.90774,0.16222,0.6153,0.93374,0.99239,0.67927,0.9051,0.90822,0.78473,0.90006,0.19655,0.75375,0.62366,0.93928,0.7657
0.066245,0.64176,0.11665,0,0.4437,0.93786,0.36502,0.52189,0.71974,0.02641,0.60013,0.74665,0.57703,0.64663,0.0032298,0.94088,0.12488,0.84609,0.82002,0.6775,0.53621,0.075347,0.78786,0.50583,0.78181,0.14167,0.43034,0.0094478,0.41963,0.85392,0.1705,0.41878,0.85347,0.11492,0.65747,0.6239,0.27818,0.045105,0.69155,0.72899,0.1296,0.88999,0.43357,0.22081,0.6887,0.46969,0.59194,0.05903,0.63765,0.75407,0.54542,0.029635,0.46106,0.47795,0.66275,0.55708,0.83235,0.12665,0.58321,0.75047,0.011138,0.0050407,0.3587,0.66209,0.53284,0.30565,0.50173,0.30359,0.018088,0.034504,0.70477,0.83995,0.55629,0.66992,0.46404,0.4716,0.66056,0.58694,0.16393,0.80741,0.034954,0.8722,0.58628,0.041288,0.19469,0.64163,0.92839,0.24507,0.5655,0.55162,0.29631,0.52542,0.047204,0.30939,0.19988,0.64166,0.33803
0.077146,0.69514,0.13771,0.5563,0,0.95908,0.40798,0.58066,0.81193,0.030917,0.66088,0.79675,0.63444,0.70295,0.0037867,0.96151,0.14696,0.88417,0.86174,0.73113,0.59686,0.088578,0.83471,0.56067,0.82867,0.16201,0.48338,0.011006,0.47224,0.92386,0.19711,0.47394,0.89313,0.13305,0.71363,0.67799,0.32002,0.052914,0.74911,0.77947,0.14994,0.92166,0.48613,0.31683,0.74471,0.51617,0.68249,0.067153,0.6935,0.76044,0.60576,0.035146,0.51509,0.5312,0.7191,0.61249,0.87434,0.14607,0.64012,0.79877,0.013125,0.0056729,0.40647,0.76433,0.59415,0.34921,0.56165,0.34309,0.021262,0.03979,0.75723,0.88038,0.61378,0.72445,0.51726,0.52573,0.71968,0.64359,0.18967,0.85096,0.041091,0.90746,0.62216,0.048822,0.22612,0.69724,0.95176,0.28185,0.62312,0.60843,0.3859,0.60505,0.055475,0.35248,0.23202,0.73847,0.3852
0.0028235,0.10586,0.0064815,0.062138,0.040919,0,0.02612,0.06009,0.14592,0.0019139,0.068546,0.16859,0.08508,0.11241,6.6648e-05,0.49704,0.0074595,0.29037,0.25481,0.14,0.055843,0.0030501,0.20534,0.061076,0.1868,0.014487,0.028551,0.00028872,0.052193,0.27258,0.01635,0.035909,0.25597,0.0057809,0.11562,0.094633,0.023129,0.00083894,0.1055,0.1719,0.0070139,0.36499,0.046089,0.021344,0.12336,0.060907,0.079314,0.0086461,0.10805,0.14406,0.051493,0.00074052,0.03123,0.048201,0.12241,0.076921,0.24744,0.0070535,0.085642,0.19433,0.00011942,4.2372e-06,0.039927,0.099695,0.051983,0.027406,0.046539,0.027092,0.0016723,0.00085675,0.14588,0.25595,0.077581,0.12732,0.057166,0.028321,0.090965,0.090486,0.012119,0.24147,0.0048468,0.32416,0.076215,0.0015355,0.015956,0.11534,0.47299,0.019904,0.077567,0.085573,0.030605,0.057373,0.001818,0.030705,0.015569,0.09646,0.029948
0.12187,0.75751,0.20274,0.63498,0.59202,0.97388,0,0.65987,0.87156,0.051758,0.7336,0.84793,0.70716,0.76768,0.014968,0.97597,0.21355,0.91777,0.90099,0.79154,0.67583,0.14249,0.87915,0.63557,0.87372,0.22537,0.56369,0.032793,0.55344,0.95446,0.26629,0.56031,0.92627,0.19683,0.77712,0.74208,0.39991,0.1095,0.81033,0.83303,0.21714,0.94692,0.56552,0.39779,0.80594,0.58552,0.76558,0.099993,0.75834,0.81723,0.68328,0.077607,0.59445,0.60653,0.78169,0.68245,0.91071,0.21111,0.71141,0.84859,0.041888,0.02532,0.48842,0.8349,0.67333,0.42909,0.64353,0.41446,0.044891,0.086076,0.81451,0.91591,0.68793,0.78701,0.59689,0.60338,0.7855,0.71509,0.25012,0.89186,0.069604,0.93648,0.69493,0.084271,0.29794,0.76166,0.969,0.3586,0.69483,0.68183,0.4692,0.69756,0.094897,0.43277,0.30534,0.8133,0.46504
0.054327,0.62847,0.095518,0.47811,0.41934,0.93991,0.34013,0,0.71064,0.02081,0.60248,0.73954,0.55922,0.6329,0.0013792,0.94345,0.075785,0.8453,0.81701,0.66475,0.52102,0.059129,0.78372,0.48611,0.77815,0.12227,0.4054,0.005539,0.39511,0.85412,0.14816,0.37597,0.87887,0.09541,0.64446,0.60979,0.2517,0.028791,0.71098,0.71978,0.10901,0.89141,0.41018,0.24803,0.69861,0.45233,0.57496,0.049578,0.62286,0.69784,0.53853,0.01802,0.43776,0.45721,0.65073,0.53999,0.8313,0.1062,0.56669,0.74389,0.005194,0.0012881,0.33234,0.64924,0.51894,0.27998,0.47888,0.28225,0.013446,0.021777,0.69531,0.83938,0.53755,0.65781,0.43986,0.44949,0.67509,0.56879,0.14374,0.80372,0.028553,0.87351,0.54487,0.03204,0.17008,0.62773,0.93089,0.2193,0.54828,0.53218,0.31158,0.50494,0.036368,0.28264,0.17476,0.62763,0.31259
0.023095,0.423,0.042007,0.28026,0.18807,0.85408,0.12844,0.28936,0,0.008789,0.35615,0.53934,0.3493,0.42065,0.00036971,0.85942,0.042301,0.68929,0.64563,0.45983,0.29807,0.024501,0.59496,0.28896,0.58638,0.059925,0.22688,0.0015809,0.22176,0.71846,0.071806,0.20483,0.68744,0.042573,0.43061,0.40438,0.12458,0.0081489,0.45652,0.52118,0.049446,0.76092,0.2293,0.1201,0.45928,0.28209,0.33342,0.026654,0.41293,0.48942,0.30411,0.0051541,0.24975,0.26643,0.43812,0.33699,0.65855,0.048076,0.35747,0.55127,0.0011597,0.00016498,0.17883,0.42052,0.29297,0.14179,0.26679,0.14883,0.0057877,0.0064725,0.48798,0.67192,0.33048,0.44725,0.25439,0.25907,0.41941,0.35924,0.066367,0.62621,0.015013,0.72876,0.33579,0.012932,0.080435,0.41855,0.83495,0.10604,0.33905,0.32927,0.1605,0.26079,0.014955,0.1457,0.081561,0.39252,0.16114
0.85519,0.98402,0.87894,0.97359,0.96908,0.99809,0.94824,0.97919,0.99121,0,0.98474,0.99164,0.98147,0.98666,0.47966,0.99814,0.87211,0.99543,0.99477,0.98832,0.98009,0.84228,0.99358,0.96794,0.99302,0.87516,0.9627,0.63914,0.96541,0.99604,0.88839,0.96798,0.99602,0.93725,0.98754,0.98261,0.92925,0.84429,0.9899,0.99102,0.94492,0.99691,0.95839,0.92804,0.98994,0.95967,0.98376,0.67084,0.98481,0.98974,0.97975,0.79824,0.96646,0.96413,0.98796,0.97622,0.99527,0.94177,0.98083,0.99162,0.7037,0.63868,0.95416,0.98781,0.97959,0.93159,0.97728,0.90817,0.64206,0.8032,0.98954,0.9954,0.97958,0.9881,0.96802,0.96534,0.98833,0.98263,0.80841,0.99425,0.65727,0.9964,0.97944,0.73586,0.89515,0.98541,0.9979,0.90914,0.97887,0.98006,0.94722,0.97802,0.76146,0.94028,0.89536,0.98692,0.93612
0.040235,0.5602,0.070601,0.39987,0.33912,0.93145,0.2664,0.39752,0.64385,0.015263,0,0.67975,0.48083,0.55872,0.00096115,0.93648,0.052427,0.80957,0.77263,0.59585,0.41449,0.043409,0.73206,0.40976,0.72676,0.093167,0.33144,0.0034631,0.32244,0.81751,0.11293,0.2789,0.8493,0.071602,0.57123,0.54137,0.19462,0.018766,0.62688,0.65747,0.081179,0.86706,0.33635,0.18992,0.61503,0.39017,0.49352,0.038821,0.55021,0.63198,0.43145,0.013004,0.36122,0.38359,0.57752,0.46649,0.78978,0.080499,0.48898,0.68606,0.0030634,0.00077639,0.26576,0.57355,0.41137,0.21881,0.37137,0.22575,0.01118,0.014803,0.62919,0.80028,0.4587,0.58675,0.36499,0.37348,0.58406,0.4909,0.10826,0.75657,0.022188,0.8431,0.46709,0.022987,0.12861,0.55555,0.91871,0.16765,0.46993,0.45468,0.24563,0.42217,0.026554,0.22305,0.13157,0.55061,0.24728
0.020949,0.38696,0.038514,0.25335,0.20325,0.83141,0.15207,0.26046,0.46066,0.0083634,0.32025,0,0.31741,0.38402,0.00039279,0.83644,0.038853,0.65291,0.60723,0.42382,0.26664,0.022437,0.55515,0.26101,0.54594,0.055456,0.20418,0.0017065,0.20117,0.65346,0.065314,0.18306,0.64685,0.038836,0.39401,0.36879,0.11189,0.0087481,0.41436,0.48329,0.045068,0.7649,0.20653,0.10889,0.41964,0.25589,0.3225,0.024801,0.37745,0.45141,0.2719,0.0053468,0.22555,0.23906,0.4018,0.30576,0.62045,0.044255,0.27437,0.51455,0.0013659,0.00028944,0.16121,0.38933,0.26192,0.128,0.23858,0.13362,0.0057341,0.0063841,0.45196,0.633,0.29899,0.41009,0.23018,0.23269,0.3807,0.3273,0.060223,0.58821,0.014313,0.69392,0.30427,0.011753,0.073187,0.38367,0.80984,0.095651,0.30759,0.30026,0.14424,0.26402,0.013668,0.13226,0.074164,0.37019,0.14536
0.047696,0.57168,0.083816,0.42297,0.36556,0.91492,0.29284,0.44078,0.6507,0.018535,0.51917,0.68259,0,0.57241,0.0015233,0.9187,0.088785,0.80016,0.76773,0.60665,0.45481,0.052466,0.77179,0.4312,0.77635,0.1078,0.35709,0.0052656,0.347,0.80713,0.12946,0.34074,0.80522,0.084186,0.58345,0.55311,0.21798,0.027634,0.61781,0.66335,0.09573,0.85333,0.36019,0.21515,0.6155,0.40496,0.5131,0.0454,0.56384,0.63885,0.46347,0.0169,0.38665,0.40507,0.58978,0.48308,0.78125,0.093372,0.50748,0.68909,0.0053705,0.0018503,0.29029,0.58572,0.45117,0.24244,0.41923,0.2459,0.011311,0.019426,0.6367,0.79082,0.47862,0.59767,0.38857,0.39661,0.58492,0.50907,0.12438,0.75298,0.024527,0.83102,0.48673,0.028308,0.14793,0.56848,0.90282,0.1898,0.48911,0.47452,0.2708,0.44487,0.03244,0.24649,0.15205,0.565,0.27152
0.034647,0.50104,0.061653,0.35337,0.29705,0.88759,0.23232,0.3671,0.57935,0.013338,0.44128,0.61598,0.42759,0,0.00080115,0.8921,0.06422,0.7487,0.71085,0.53701,0.37843,0.037488,0.66701,0.36251,0.65977,0.083364,0.29281,0.0029348,0.28523,0.75327,0.063868,0.27327,0.75122,0.062697,0.51175,0.48274,0.11282,0.016065,0.54142,0.59581,0.071061,0.81139,0.29586,0.16692,0.5422,0.34572,0.4371,0.035065,0.49224,0.56848,0.38603,0.010344,0.31961,0.33789,0.51861,0.41319,0.72492,0.069951,0.43563,0.62521,0.0027609,0.00071394,0.18237,0.51067,0.37453,0.19191,0.34532,0.19775,0.0084011,0.011962,0.56728,0.73624,0.38131,0.53077,0.32293,0.32965,0.50663,0.43746,0.094596,0.69487,0.020031,0.78418,0.41435,0.019958,0.11268,0.49784,0.87225,0.14725,0.41706,0.40449,0.2153,0.37123,0.022992,0.19571,0.11562,0.48905,0.2165
0.87772,0.99889,0.97051,0.99677,0.99621,0.99993,0.98503,0.99862,0.99963,0.52034,0.99904,0.99961,0.99848,0.9992,0,0.99994,0.95105,0.99983,0.99981,0.99939,0.99863,0.9469,0.99975,0.99315,0.99969,0.96166,0.99249,0.70359,0.99646,0.99986,0.96134,0.99678,0.99987,0.96358,0.9993,0.99869,0.97934,0.95227,0.99958,0.99959,0.96979,0.99989,0.98883,0.97656,0.99958,0.99434,0.99894,0.70668,0.99869,0.99946,0.99771,0.9081,0.9935,0.99372,0.99941,0.9975,0.99983,0.96705,0.99804,0.99958,0.80118,0.7213,0.99326,0.99927,0.99857,0.97582,0.99799,0.95927,0.70778,0.91698,0.99943,0.99982,0.99821,0.99938,0.99485,0.9914,0.99943,0.99879,0.85765,0.99979,0.72317,0.99987,0.99784,0.83815,0.95802,0.99891,0.99993,0.96286,0.99748,0.99867,0.98775,0.99797,0.86296,0.98763,0.95687,0.99923,0.97577
0.002573,0.1004,0.0060707,0.059116,0.038492,0.50296,0.024032,0.056548,0.14058,0.00186,0.063521,0.16356,0.081298,0.1079,6.392e-05,0,0.0071303,0.2868,0.25136,0.13538,0.05178,0.0027612,0.20031,0.057557,0.18089,0.014297,0.045017,0.00029277,0.050126,0.26722,0.015817,0.033518,0.24949,0.0052557,0.11118,0.089317,0.021807,0.00075909,0.099117,0.16765,0.0065109,0.36307,0.043402,0.019935,0.11755,0.057159,0.075466,0.0084054,0.10318,0.13893,0.047162,0.00070209,0.050259,0.044628,0.11794,0.072874,0.24247,0.0065391,0.081574,0.18956,0.00010029,3.6093e-06,0.038118,0.094192,0.048097,0.025899,0.043208,0.02546,0.0016498,0.00081851,0.14136,0.20729,0.073971,0.12327,0.054535,0.050264,0.084937,0.057318,0.011513,0.23716,0.0052478,0.32197,0.072402,0.0013933,0.015193,0.11124,0.4761,0.018781,0.073432,0.08218,0.028749,0.053898,0.0016604,0.029338,0.014739,0.091592,0.028345
0.28682,0.92363,0.48206,0.87512,0.85304,0.99254,0.78645,0.92421,0.9577,0.12789,0.94757,0.96115,0.91121,0.93578,0.048951,0.99287,0,0.97956,0.97634,0.9436,0.93066,0.37357,0.97059,0.85823,0.96768,0.48724,0.83155,0.10137,0.83164,0.98233,0.55035,0.87992,0.98716,0.45427,0.94009,0.91552,0.70681,0.34758,0.9672,0.95751,0.48851,0.98693,0.82232,0.70624,0.96563,0.80975,0.9212,0.22154,0.92804,0.95171,0.92655,0.25325,0.84886,0.83505,0.94211,0.88753,0.9788,0.47775,0.90948,0.96065,0.13629,0.084411,0.78424,0.94124,0.92876,0.72672,0.91911,0.66112,0.12967,0.26886,0.95058,0.97947,0.90279,0.94316,0.85252,0.84772,0.96131,0.91586,0.49198,0.97416,0.16747,0.98456,0.90281,0.2174,0.59514,0.93085,0.99154,0.66002,0.9005,0.90235,0.76891,0.89404,0.2451,0.73529,0.60437,0.93685,0.75206
0.010306,0.25077,0.01991,0.15391,0.11583,0.70963,0.082227,0.1547,0.31071,0.0045688,0.19043,0.34709,0.19984,0.2513,0.00017498,0.7132,0.020439,0,0.45406,0.28809,0.15513,0.010985,0.39806,0.10312,0.38517,0.033134,0.12141,0.00079859,0.12253,0.49231,0.038041,0.10257,0.48093,0.019926,0.25849,0.23479,0.062922,0.0033818,0.26263,0.33827,0.023277,0.58204,0.12174,0.059804,0.27495,0.15747,0.19834,0.015855,0.24486,0.30563,0.15497,0.0023241,0.13474,0.1388,0.26634,0.19013,0.4592,0.023081,0.20446,0.36745,0.00045037,4.5519e-05,0.096042,0.24615,0.15131,0.072849,0.13559,0.075775,0.0031126,0.0027056,0.30707,0.47188,0.18668,0.27379,0.13944,0.13906,0.23661,0.20807,0.032982,0.43528,0.0092318,0.54142,0.18802,0.005654,0.040808,0.25264,0.68341,0.053466,0.19102,0.19115,0.082112,0.15547,0.0065934,0.076791,0.041216,0.23375,0.044481
0.012379,0.29004,0.023482,0.17998,0.13826,0.74519,0.099012,0.18299,0.35437,0.0052307,0.22737,0.39277,0.23227,0.28915,0.00019295,0.74864,0.023658,0.54594,0,0.28198,0.18595,0.013154,0.44499,0.18544,0.43358,0.037779,0.14235,0.00084545,0.14213,0.54148,0.043537,0.12273,0.53162,0.023848,0.29762,0.27382,0.073811,0.0036115,0.30807,0.34831,0.02782,0.62638,0.14373,0.070598,0.31791,0.1854,0.23302,0.017242,0.28317,0.34873,0.18731,0.0026465,0.15869,0.16588,0.30514,0.2225,0.50735,0.027348,0.23819,0.41166,0.00048182,4.429e-05,0.11166,0.28784,0.1815,0.085547,0.16313,0.090335,0.0035062,0.0030802,0.3489,0.52154,0.21697,0.31301,0.16358,0.16407,0.27853,0.24141,0.038777,0.4753,0.010049,0.58755,0.22035,0.0068463,0.047637,0.29043,0.7206,0.06288,0.22266,0.22015,0.096649,0.18452,0.0079509,0.090154,0.048043,0.27234,0.097232
0.030169,0.46421,0.053857,0.3225,0.26887,0.86,0.20846,0.33525,0.54017,0.011681,0.40415,0.57618,0.39335,0.46299,0.00060532,0.86462,0.056402,0.71191,0.71786,0,0.34544,0.032344,0.62724,0.33101,0.6196,0.074472,0.26589,0.0025154,0.25905,0.71527,0.088551,0.24682,0.71174,0.054998,0.47314,0.44576,0.15282,0.012876,0.50016,0.57508,0.06277,0.777,0.26891,0.14875,0.50258,0.31717,0.4023,0.031171,0.45544,0.5295,0.35185,0.0080922,0.29058,0.30728,0.48004,0.37946,0.6857,0.061555,0.40007,0.58727,0.0019727,0.00045888,0.21188,0.47214,0.34185,0.1724,0.31401,0.17869,0.007328,0.0097179,0.52781,0.6973,0.37365,0.48864,0.29413,0.30002,0.46712,0.40315,0.083951,0.69728,0.017489,0.74835,0.37973,0.017371,0.10056,0.46077,0.84354,0.132,0.38248,0.37133,0.19369,0.33842,0.02002,0.17696,0.10294,0.45194,0.1945
0.05152,0.61978,0.090309,0.46379,0.40314,0.94416,0.32417,0.47898,0.70193,0.01991,0.58551,0.73336,0.54519,0.62157,0.0013729,0.94822,0.069342,0.84487,0.81405,0.65456,0,0.056061,0.77939,0.47214,0.7746,0.1146,0.39128,0.0049444,0.38048,0.85334,0.14057,0.35285,0.88302,0.09109,0.63395,0.60009,0.23956,0.026557,0.70127,0.7123,0.10304,0.89353,0.39558,0.23593,0.6876,0.44177,0.56041,0.04715,0.61253,0.68936,0.51757,0.016892,0.42363,0.44384,0.63993,0.52766,0.82968,0.10105,0.55349,0.73761,0.0045633,0.0014955,0.31797,0.63787,0.49778,0.26694,0.45533,0.27059,0.013195,0.020628,0.68678,0.83845,0.52356,0.64764,0.42539,0.43527,0.66371,0.5551,0.13603,0.80003,0.026141,0.87376,0.53237,0.030016,0.16076,0.61686,0.93451,0.20798,0.53497,0.51903,0.29796,0.48976,0.034393,0.27027,0.16508,0.61502,0.29902
0.3712,0.95534,0.63235,0.92465,0.91142,0.99695,0.85751,0.94087,0.9755,0.15772,0.95659,0.97756,0.94753,0.96251,0.053099,0.99724,0.62643,0.98901,0.98685,0.96766,0.94394,0,0.98328,0.905,0.98169,0.61863,0.89444,0.13136,0.90078,0.99054,0.6686,0.90825,0.99074,0.58723,0.96507,0.95049,0.80615,0.47803,0.97262,0.97558,0.6265,0.99346,0.88274,0.80469,0.97184,0.87783,0.95398,0.27101,0.95664,0.97186,0.94105,0.35567,0.9046,0.88971,0.96659,0.93067,0.98834,0.61256,0.9452,0.97737,0.18367,0.11098,0.86762,0.96575,0.94215,0.81564,0.93429,0.73456,0.17423,0.38696,0.97113,0.98903,0.94279,0.96708,0.90957,0.90012,0.96796,0.95099,0.57736,0.98546,0.21658,0.992,0.94112,0.24961,0.71031,0.95907,0.99632,0.76223,0.93856,0.94405,0.85284,0.93694,0.29426,0.82944,0.7173,0.96346,0.83037
0.015713,0.33609,0.029139,0.21214,0.16529,0.79465,0.12085,0.21628,0.40504,0.0064156,0.26794,0.44485,0.2282,0.33299,0.00025155,0.79969,0.029409,0.60194,0.55501,0.37276,0.22061,0.016717,0,0.21965,0.49944,0.045187,0.16913,0.0010939,0.16732,0.60051,0.052458,0.14743,0.59182,0.029834,0.34235,0.31841,0.089507,0.0052048,0.35694,0.43007,0.034544,0.6817,0.17054,0.086025,0.36436,0.21697,0.273,0.020894,0.32646,0.39737,0.22373,0.0035953,0.18758,0.19804,0.35038,0.26021,0.565,0.033982,0.27685,0.4615,0.00074434,9.6581e-05,0.13303,0.3343,0.21627,0.10292,0.19455,0.10851,0.0042612,0.0044165,0.39799,0.57887,0.25328,0.35861,0.19253,0.19407,0.32484,0.27965,0.047304,0.53563,0.011601,0.64474,0.25749,0.0087186,0.057685,0.33363,0.77144,0.076115,0.26095,0.25565,0.11639,0.21873,0.010093,0.10808,0.058605,0.31696,0.11744
0.079709,0.63416,0.13625,0.49417,0.43933,0.93892,0.36443,0.51389,0.71104,0.032059,0.59024,0.73899,0.5688,0.63749,0.006855,0.94244,0.14177,0.89686,0.81456,0.66899,0.52786,0.094997,0.78035,0,0.77505,0.15861,0.42813,0.01778,0.41845,0.84995,0.1848,0.41456,0.84897,0.13419,0.6481,0.61656,0.28512,0.068951,0.68127,0.72065,0.14735,0.88822,0.43083,0.28215,0.67817,0.46996,0.58277,0.068137,0.6286,0.69898,0.5364,0.047508,0.45698,0.4739,0.65408,0.55076,0.8272,0.14512,0.5753,0.74358,0.023799,0.012544,0.36084,0.65212,0.52453,0.31021,0.49381,0.30659,0.027527,0.053807,0.69633,0.83556,0.5485,0.66079,0.45969,0.46656,0.6503,0.57841,0.17327,0.80136,0.04198,0.86962,0.55603,0.053525,0.20728,0.63342,0.92911,0.2536,0.55816,0.5441,0.34114,0.51743,0.060986,0.31449,0.21169,0.63172,0.27375
0.016874,0.34238,0.031537,0.21819,0.17133,0.8132,0.12628,0.22185,0.41362,0.0069815,0.27324,0.45406,0.22364,0.34023,0.00030706,0.81911,0.032318,0.61483,0.56642,0.3804,0.2254,0.018306,0.50055,0.22495,0,0.047683,0.17454,0.0013463,0.17311,0.61379,0.056007,0.15321,0.60498,0.031807,0.34925,0.32462,0.094123,0.0065006,0.36425,0.43891,0.036792,0.69682,0.17566,0.090605,0.37161,0.2222,0.27917,0.022047,0.33319,0.40586,0.22859,0.0042635,0.19344,0.20268,0.35719,0.26545,0.57683,0.036416,0.28318,0.47096,0.00097827,0.00013939,0.13851,0.34101,0.22124,0.10805,0.20062,0.11287,0.0049122,0.005249,0.40605,0.59202,0.25965,0.36597,0.19833,0.20015,0.33181,0.28652,0.050425,0.5464,0.01215,0.6585,0.26358,0.0094558,0.06127,0.34005,0.78859,0.080346,0.26692,0.26178,0.12151,0.22476,0.010909,0.11265,0.062324,0.32382,0.12203
0.29151,0.90764,0.50452,0.85833,0.83799,0.98551,0.77463,0.87773,0.94007,0.12484,0.90683,0.94454,0.8922,0.91664,0.038342,0.9857,0.51276,0.96687,0.96222,0.92553,0.8854,0.38137,0.95481,0.84139,0.95232,0,0.8174,0.096378,0.82047,0.97049,0.55697,0.83151,0.97062,0.47076,0.92156,0.90001,0.70432,0.35625,0.9338,0.93979,0.50533,0.97656,0.80857,0.70313,0.93237,0.80306,0.90205,0.21703,0.91017,0.93402,0.8837,0.26272,0.83299,0.82253,0.92347,0.87133,0.96532,0.49405,0.89132,0.94522,0.13238,0.076693,0.77691,0.92359,0.88259,0.72009,0.86899,0.65245,0.12483,0.28327,0.93277,0.96637,0.88438,0.92429,0.83649,0.83298,0.92632,0.89765,0.48985,0.95911,0.15997,0.97301,0.88483,0.18386,0.60095,0.91267,0.98337,0.66023,0.88236,0.88371,0.75998,0.87584,0.21993,0.73034,0.60865,0.91843,0.74126
0.090742,0.69914,0.15702,0.56966,0.51662,0.97141,0.43631,0.5946,0.77312,0.037304,0.66856,0.79582,0.64291,0.70719,0.0075121,0.95498,0.16845,0.87859,0.85765,0.73411,0.60872,0.10556,0.83087,0.57187,0.82546,0.1826,0,0.018346,0.48892,0.88562,0.21794,0.49304,0.88653,0.15298,0.71707,0.68257,0.34089,0.073864,0.75097,0.78023,0.17044,0.91499,0.50264,0.33843,0.7474,0.52778,0.65905,0.07857,0.69796,0.76127,0.61678,0.049017,0.54245,0.54368,0.72228,0.62082,0.86826,0.16674,0.64828,0.79816,0.022273,0.01199,0.42564,0.72252,0.60574,0.36993,0.57597,0.35972,0.029261,0.054385,0.75858,0.87475,0.62397,0.72823,0.53202,0.56089,0.7239,0.65253,0.20788,0.84717,0.048496,0.90047,0.63084,0.060235,0.247,0.70194,0.94501,0.30389,0.63181,0.61846,0.40615,0.59677,0.068088,0.37389,0.2533,0.70392,0.4044
0.7462,0.99608,0.91799,0.99055,0.98899,0.99971,0.96721,0.99446,0.99842,0.36086,0.99654,0.99829,0.99473,0.99707,0.29641,0.99971,0.89863,0.9992,0.99915,0.99748,0.99506,0.86864,0.99891,0.98222,0.99865,0.90362,0.98165,0,0.98811,0.99935,0.91206,0.98928,0.99932,0.89824,0.99737,0.99526,0.95685,0.87091,0.99771,0.99837,0.91694,0.99949,0.97369,0.95196,0.99795,0.98091,0.99641,0.55449,0.99565,0.99784,0.99364,0.78857,0.98429,0.9832,0.99751,0.99142,0.99919,0.90513,0.99337,0.99834,0.61702,0.50827,0.98101,0.99727,0.9948,0.95266,0.99295,0.91194,0.51686,0.80129,0.99777,0.99921,0.99398,0.9975,0.9864,0.98074,0.99766,0.99552,0.78426,0.99905,0.54887,0.99945,0.99321,0.68608,0.91837,0.99615,0.99965,0.92992,0.99242,0.99507,0.97012,0.99346,0.73484,0.96867,0.91886,0.99735,0.95211
0.084755,0.70526,0.15432,0.58037,0.52776,0.94781,0.44656,0.60489,0.77824,0.034594,0.67756,0.79883,0.653,0.71477,0.0035404,0.94987,0.16836,0.87747,0.85787,0.74095,0.61952,0.099225,0.83268,0.58155,0.82689,0.17953,0.51108,0.011893,0,0.88434,0.21935,0.50551,0.88448,0.14887,0.77159,0.68876,0.34903,0.064946,0.7566,0.78438,0.16789,0.91184,0.51269,0.3471,0.75316,0.53333,0.66861,0.073372,0.70552,0.76627,0.62692,0.040996,0.54158,0.55275,0.77336,0.62901,0.90608,0.16429,0.6574,0.801,0.013489,0.004739,0.43543,0.72822,0.61663,0.37881,0.58755,0.36603,0.02268,0.046393,0.76389,0.87345,0.63342,0.73492,0.54335,0.55097,0.73018,0.66157,0.21066,0.84787,0.042575,0.89819,0.64063,0.052923,0.25043,0.7092,0.94088,0.31063,0.6844,0.65549,0.41661,0.60681,0.060699,0.38277,0.25764,0.71177,0.41438
0.0088184,0.24605,0.017478,0.14608,0.076137,0.72742,0.045542,0.14588,0.28154,0.0039622,0.18249,0.34654,0.19287,0.24673,0.00014132,0.73278,0.017675,0.50769,0.45852,0.28473,0.14666,0.0094581,0.39949,0.15005,0.38621,0.029506,0.11438,0.00065053,0.11566,0,0.034822,0.093839,0.48762,0.017451,0.25318,0.22919,0.057082,0.0024438,0.25751,0.33648,0.020543,0.59411,0.11414,0.054012,0.27078,0.1521,0.15595,0.015419,0.24035,0.30322,0.14597,0.0017246,0.12699,0.131,0.26139,0.18309,0.46422,0.020277,0.19838,0.36704,0.00030877,1.9637e-05,0.089613,0.20487,0.14165,0.066538,0.12619,0.070253,0.0029854,0.0023383,0.30357,0.47941,0.1794,0.26993,0.13249,0.13199,0.22947,0.2017,0.029483,0.43846,0.0090155,0.55116,0.18099,0.0048265,0.037173,0.2477,0.69943,0.048067,0.18386,0.18397,0.075538,0.11095,0.0056227,0.071148,0.036952,0.19234,0.075627
0.25502,0.88918,0.43173,0.8295,0.80289,0.98365,0.73371,0.85184,0.92819,0.11161,0.88707,0.93469,0.87054,0.93609,0.038663,0.98418,0.44965,0.96196,0.95646,0.91145,0.85943,0.3314,0.94754,0.8152,0.94399,0.44303,0.78206,0.087944,0.78065,0.96518,0,0.7933,0.96538,0.40836,0.90555,0.87982,0.69797,0.30355,0.92157,0.9297,0.4413,0.9734,0.77493,0.65086,0.92015,0.7671,0.88155,0.19745,0.89253,0.92171,0.85893,0.22081,0.80151,0.79182,0.90807,0.84705,0.95966,0.43219,0.87037,0.93466,0.11528,0.069097,0.77962,0.90742,0.85755,0.67333,0.84207,0.61506,0.11077,0.23604,0.92082,0.9611,0.90569,0.94204,0.80487,0.80164,0.9104,0.87586,0.44779,0.95315,0.14678,0.96931,0.86179,0.19018,0.54256,0.8954,0.9816,0.60663,0.85953,0.85954,0.71461,0.8491,0.21596,0.68194,0.55162,0.90147,0.69994
0.079539,0.71766,0.14104,0.58122,0.52606,0.96409,0.43969,0.62403,0.79517,0.032018,0.7211,0.81694,0.65926,0.72673,0.0032201,0.96648,0.12008,0.89743,0.87727,0.75318,0.64715,0.091751,0.85257,0.58544,0.84678,0.16849,0.50696,0.010715,0.49449,0.90616,0.2067,0,0.92847,0.13783,0.73692,0.69955,0.33754,0.054924,0.80948,0.79994,0.15583,0.93133,0.50971,0.33432,0.79764,0.53583,0.67704,0.068865,0.71738,0.78215,0.66362,0.033575,0.53978,0.5547,0.74228,0.63622,0.88873,0.15244,0.66584,0.81833,0.011643,0.0041441,0.42697,0.74344,0.64625,0.36951,0.60777,0.36118,0.022421,0.040846,0.77943,0.89483,0.6388,0.74841,0.54177,0.55023,0.78177,0.66835,0.2004,0.86732,0.040863,0.9191,0.64685,0.04922,0.23747,0.72086,0.95795,0.29767,0.64667,0.63256,0.4067,0.61151,0.056185,0.37103,0.2434,0.7244,0.40557
0.0086562,0.24875,0.016944,0.14653,0.10687,0.74403,0.07373,0.12113,0.31256,0.0039798,0.1507,0.35315,0.19478,0.24878,0.00013304,0.75051,0.012844,0.51907,0.46838,0.28826,0.11698,0.0092642,0.40818,0.15103,0.39502,0.029383,0.11347,0.00068298,0.11552,0.51238,0.034617,0.071533,0,0.017168,0.25667,0.23221,0.056345,0.0023809,0.23257,0.34145,0.020475,0.60864,0.11413,0.053042,0.25013,0.15382,0.19205,0.01438,0.24229,0.30809,0.11299,0.0018547,0.12797,0.13075,0.26514,0.18463,0.47575,0.020029,0.19976,0.3739,0.00027524,1.5436e-05,0.089582,0.24275,0.11084,0.065882,0.097351,0.069707,0.0031384,0.0020219,0.30887,0.49019,0.18073,0.27374,0.13301,0.132,0.20034,0.20295,0.028978,0.44816,0.0082377,0.56453,0.18198,0.0046178,0.036163,0.25024,0.71496,0.047644,0.18488,0.18601,0.07493,0.14748,0.0054935,0.071457,0.03616,0.22991,0.075121
0.25323,0.92861,0.52796,0.88508,0.86695,0.99422,0.80317,0.90459,0.95743,0.062747,0.9284,0.96116,0.91581,0.9373,0.036425,0.99474,0.54573,0.98007,0.97615,0.945,0.90891,0.41277,0.97017,0.86581,0.96819,0.52924,0.84702,0.10176,0.85113,0.98255,0.59164,0.86217,0.98283,0,0.94121,0.92221,0.73981,0.40101,0.95235,0.9577,0.53673,0.98776,0.83826,0.7388,0.95111,0.8313,0.92481,0.16964,0.93074,0.95205,0.90757,0.28152,0.86159,0.84773,0.94288,0.89614,0.9788,0.5271,0.91437,0.96094,0.12961,0.073781,0.81057,0.94232,0.90741,0.7563,0.89671,0.67977,0.12701,0.30462,0.95129,0.97985,0.90876,0.9442,0.86615,0.85803,0.94507,0.92032,0.51792,0.97382,0.1796,0.98511,0.90787,0.22575,0.63478,0.93339,0.99305,0.69654,0.90585,0.90907,0.79513,0.9008,0.26066,0.76724,0.6432,0.93862,0.77418
0.032642,0.49064,0.057997,0.34253,0.28637,0.88438,0.22288,0.35554,0.56939,0.012464,0.42877,0.60599,0.41655,0.48825,0.00069523,0.88882,0.059912,0.74151,0.70238,0.52686,0.36605,0.034931,0.65765,0.3519,0.65075,0.078444,0.28293,0.002628,0.22838,0.74682,0.094447,0.26308,0.74333,0.058789,0,0.47222,0.16292,0.014637,0.53009,0.58614,0.0673,0.80541,0.28617,0.15915,0.53021,0.33624,0.42673,0.033203,0.48165,0.55799,0.37369,0.0094931,0.30911,0.32762,0.50573,0.40284,0.7662,0.066096,0.4241,0.61546,0.0022904,0.00057354,0.22542,0.49948,0.36259,0.18401,0.33348,0.19003,0.0076805,0.010661,0.55671,0.72884,0.39528,0.51496,0.31252,0.3195,0.4945,0.42639,0.089791,0.68534,0.018692,0.77745,0.40237,0.018718,0.10703,0.48677,0.86821,0.14018,0.38349,0.36312,0.20645,0.36013,0.021418,0.1885,0.10996,0.47813,0.20759
0.043186,0.52278,0.079765,0.3761,0.32201,0.90537,0.25792,0.39021,0.59562,0.017392,0.45863,0.63121,0.44689,0.51726,0.0013074,0.91068,0.084477,0.76521,0.72618,0.55424,0.39991,0.04951,0.68159,0.38344,0.67538,0.099986,0.31743,0.0047412,0.31124,0.77081,0.12018,0.30045,0.76779,0.077787,0.52778,0,0.19725,0.029416,0.55623,0.61229,0.088537,0.82796,0.31917,0.19371,0.5577,0.36474,0.45695,0.042356,0.50908,0.58414,0.40577,0.017455,0.34337,0.28695,0.53503,0.39371,0.74114,0.086527,0.45457,0.64015,0.0053643,0.0013105,0.26135,0.52729,0.39605,0.2185,0.36852,0.21777,0.011388,0.020394,0.58365,0.75253,0.42781,0.54305,0.34695,0.35228,0.5215,0.45767,0.11328,0.70938,0.023501,0.80082,0.43384,0.025775,0.13598,0.51515,0.88952,0.17235,0.43602,0.42539,0.2425,0.39315,0.029904,0.22283,0.1391,0.50678,0.24234
0.15786,0.81693,0.27313,0.72182,0.67998,0.97687,0.60009,0.7483,0.87542,0.070747,0.80538,0.88811,0.78202,0.88714,0.020655,0.97819,0.29319,0.93708,0.92619,0.84718,0.76044,0.19385,0.91049,0.71488,0.90588,0.29568,0.65911,0.04315,0.65097,0.94292,0.30199,0.66246,0.94365,0.26019,0.83708,0.80275,0,0.15971,0.86292,0.87813,0.28603,0.958,0.65706,0.49865,0.86001,0.65829,0.79657,0.12934,0.81996,0.86557,0.76437,0.11078,0.68569,0.68606,0.8412,0.75563,0.933,0.28015,0.78382,0.88859,0.053286,0.031671,0.60245,0.84096,0.75845,0.5291,0.7347,0.49461,0.060177,0.12043,0.86394,0.93584,0.82711,0.89794,0.6885,0.69127,0.84426,0.78943,0.32396,0.91982,0.088241,0.95081,0.7708,0.11115,0.38672,0.82371,0.97332,0.45546,0.7697,0.76301,0.57109,0.7473,0.12499,0.5331,0.39576,0.82965,0.56271
0.36896,0.97621,0.64859,0.95489,0.94709,0.99916,0.8905,0.97121,0.99185,0.15571,0.98123,0.99125,0.97237,0.98393,0.04773,0.99924,0.65242,0.99662,0.99639,0.98712,0.97344,0.52197,0.9948,0.93105,0.9935,0.64375,0.92614,0.12909,0.93505,0.99756,0.69645,0.94508,0.99762,0.59899,0.98536,0.97058,0.84029,0,0.9904,0.99126,0.64328,0.99824,0.9146,0.84008,0.99042,0.90277,0.9805,0.27671,0.97754,0.98865,0.96815,0.36133,0.93719,0.9178,0.98657,0.95525,0.99646,0.62637,0.96887,0.99129,0.18105,0.098106,0.90204,0.98645,0.9708,0.85271,0.96623,0.75577,0.1623,0.38576,0.9878,0.99688,0.96949,0.98671,0.94132,0.93232,0.98737,0.97687,0.59895,0.99571,0.21143,0.99796,0.96653,0.28706,0.73823,0.9804,0.99899,0.79615,0.96362,0.97069,0.88747,0.96591,0.33128,0.86455,0.74431,0.98504,0.86572
0.025966,0.46399,0.045678,0.30845,0.25089,0.8945,0.18967,0.28902,0.54348,0.010097,0.37312,0.58564,0.38219,0.45858,0.00041574,0.90088,0.032798,0.73737,0.69193,0.49984,0.29873,0.027382,0.64306,0.31873,0.63575,0.066201,0.24903,0.002288,0.2434,0.74249,0.078429,0.19052,0.76743,0.047655,0.46991,0.44377,0.13708,0.0095984,0,0.56366,0.054781,0.80772,0.25285,0.13296,0.49597,0.3099,0.38999,0.028653,0.45049,0.53282,0.30875,0.0062872,0.275,0.29374,0.47718,0.37112,0.70864,0.054332,0.39157,0.59605,0.0012981,0.00019577,0.19612,0.46826,0.29392,0.15672,0.26139,0.16508,0.0065912,0.007166,0.53259,0.72252,0.36217,0.48769,0.2802,0.28544,0.45537,0.39244,0.073628,0.67291,0.015908,0.77646,0.36895,0.014467,0.088413,0.45688,0.87661,0.11659,0.37216,0.36033,0.17725,0.32316,0.016659,0.16202,0.090046,0.44564,0.1787
0.022984,0.40537,0.041273,0.27101,0.22053,0.8281,0.16697,0.28022,0.47882,0.008982,0.34253,0.51671,0.33665,0.40419,0.0004086,0.83235,0.042493,0.66173,0.65153,0.42476,0.2877,0.02442,0.56993,0.27935,0.56109,0.060209,0.21977,0.0016338,0.21562,0.66352,0.070298,0.20006,0.65855,0.042305,0.41386,0.38771,0.12187,0.0087357,0.43634,0,0.048634,0.7329,0.22283,0.11821,0.4409,0.27119,0.34267,0.025721,0.39657,0.46974,0.29325,0.0055954,0.24234,0.25669,0.42147,0.32406,0.63175,0.047825,0.34407,0.53045,0.0012181,0.00020435,0.17371,0.41008,0.28427,0.13898,0.2592,0.14542,0.0055656,0.0066293,0.46879,0.64404,0.31842,0.42936,0.24633,0.25071,0.40367,0.34648,0.06578,0.62943,0.015324,0.70065,0.32352,0.01294,0.079193,0.40319,0.80891,0.10454,0.32718,0.31792,0.15633,0.28286,0.014966,0.14343,0.080774,0.39054,0.1577
0.2223,0.91832,0.49397,0.8704,0.85006,0.99299,0.78286,0.89099,0.95055,0.055083,0.91882,0.95493,0.90427,0.92894,0.030214,0.99349,0.51149,0.97672,0.97218,0.93723,0.89696,0.3735,0.96546,0.85265,0.96321,0.49467,0.82956,0.083064,0.83211,0.97946,0.5587,0.84417,0.97953,0.46327,0.9327,0.91146,0.71397,0.35672,0.94522,0.95137,0,0.98547,0.82074,0.71323,0.94363,0.81184,0.91379,0.15344,0.92136,0.94494,0.89549,0.24343,0.84615,0.83136,0.93491,0.88253,0.97508,0.4848,0.90287,0.95517,0.11331,0.059866,0.78846,0.93359,0.89447,0.73245,0.88308,0.65673,0.11131,0.26629,0.94462,0.97645,0.89605,0.93596,0.8494,0.84228,0.93679,0.90907,0.49362,0.96964,0.15718,0.98251,0.89605,0.20227,0.60349,0.92432,0.99159,0.67,0.89368,0.89688,0.77198,0.88695,0.23355,0.74157,0.61253,0.92932,0.7521
0.0061379,0.18606,0.012521,0.11001,0.078344,0.63501,0.053082,0.10859,0.23908,0.0030892,0.13294,0.23507,0.14667,0.18861,0.0001106,0.63693,0.013068,0.41795,0.37362,0.223,0.10647,0.0065371,0.3183,0.11177,0.30318,0.023435,0.085009,0.00051267,0.088159,0.40589,0.026603,0.068671,0.39136,0.012238,0.19459,0.17204,0.041999,0.0017567,0.19228,0.2671,0.014527,0,0.084344,0.039528,0.20783,0.11286,0.14296,0.012322,0.18334,0.2357,0.10453,0.0013747,0.095105,0.095084,0.20238,0.13741,0.37402,0.014389,0.10493,0.29512,0.00021511,1.2338e-05,0.06787,0.18023,0.10257,0.049376,0.091442,0.051123,0.0021288,0.0015551,0.23757,0.38597,0.13533,0.20866,0.09994,0.09754,0.16962,0.15374,0.021791,0.35655,0.0067772,0.45883,0.13581,0.0032923,0.027661,0.19096,0.60728,0.035692,0.13799,0.14197,0.055627,0.10824,0.0039009,0.053588,0.027373,0.17163,0.055504
0.099831,0.697,0.16741,0.56643,0.51387,0.95391,0.43448,0.58982,0.7707,0.04161,0.66365,0.79347,0.63981,0.70414,0.011171,0.9566,0.17768,0.87826,0.85627,0.73109,0.60442,0.11726,0.82946,0.56917,0.82434,0.19143,0.49736,0.026308,0.48731,0.88586,0.22507,0.49029,0.88587,0.16174,0.71383,0.68083,0.34294,0.085396,0.74715,0.77717,0.17926,0.91566,0,0.33997,0.7427,0.52809,0.65593,0.083794,0.69504,0.75826,0.61251,0.06162,0.52792,0.54209,0.71896,0.61901,0.86761,0.17495,0.64535,0.84877,0.032124,0.020325,0.42541,0.71942,0.60216,0.31948,0.57184,0.36159,0.034869,0.068606,0.7559,0.87441,0.6198,0.72531,0.52965,0.53774,0.71975,0.64856,0.21246,0.84612,0.055479,0.90095,0.62719,0.068885,0.2522,0.69903,0.94655,0.23753,0.62824,0.61468,0.40614,0.59261,0.078088,0.37496,0.25806,0.70123,0.40408
0.16035,0.81999,0.27461,0.77918,0.68317,0.97866,0.60221,0.75197,0.8799,0.071959,0.81008,0.89111,0.78485,0.83308,0.023438,0.98006,0.29376,0.9402,0.9294,0.85125,0.76407,0.19531,0.91397,0.71785,0.90939,0.29687,0.66157,0.048043,0.6529,0.94599,0.34914,0.66568,0.94696,0.2612,0.84085,0.80629,0.50135,0.15992,0.86704,0.88179,0.28677,0.96047,0.66003,0,0.86368,0.66127,0.80057,0.13155,0.82352,0.91892,0.76829,0.11489,0.68863,0.68898,0.84438,0.75868,0.93621,0.28097,0.787,0.89175,0.058065,0.036553,0.59065,0.84526,0.76192,0.53028,0.73728,0.49689,0.064333,0.12556,0.86725,0.93936,0.76957,0.84813,0.69032,0.69419,0.84933,0.79224,0.32561,0.92358,0.0899,0.95353,0.83609,0.11456,0.388,0.82709,0.97547,0.45659,0.7731,0.76568,0.59387,0.75124,0.12845,0.53449,0.39723,0.83338,0.5646
0.026691,0.46154,0.047086,0.3113,0.25529,0.87664,0.19406,0.30139,0.54072,0.010056,0.38497,0.58036,0.3845,0.4578,0.00042385,0.88245,0.034366,0.72505,0.68209,0.49742,0.3124,0.028162,0.63564,0.32183,0.62839,0.067629,0.2526,0.0020509,0.24684,0.72922,0.079847,0.20236,0.74987,0.048888,0.46979,0.4423,0.13999,0.0095801,0.50403,0.5591,0.056367,0.79217,0.2573,0.13632,0,0.31112,0.39296,0.028864,0.45121,0.53088,0.32384,0.0063226,0.279,0.29661,0.47811,0.37303,0.69782,0.055055,0.39329,0.59005,0.0013021,0.00017671,0.19943,0.4688,0.30808,0.16012,0.27577,0.16812,0.0068129,0.0073436,0.52827,0.71038,0.36458,0.48646,0.28238,0.28844,0.46313,0.39528,0.075734,0.66485,0.01652,0.76248,0.37128,0.015,0.090536,0.45698,0.8596,0.11974,0.37476,0.3629,0.18078,0.3275,0.017211,0.16453,0.09291,0.44693,0.18249
0.095147,0.65105,0.17925,0.53031,0.48383,0.93909,0.41448,0.54767,0.71791,0.040333,0.60983,0.74411,0.59504,0.65428,0.0056599,0.94284,0.19025,0.84253,0.8146,0.68283,0.55823,0.12217,0.78303,0.53004,0.7778,0.19694,0.47222,0.019087,0.46667,0.8479,0.2329,0.46417,0.84618,0.1687,0.66376,0.63526,0.34171,0.09723,0.6901,0.72881,0.18816,0.88714,0.47191,0.33873,0.68888,0,0.60663,0.081962,0.6458,0.70777,0.5628,0.062579,0.49714,0.50456,0.66922,0.57604,0.82671,0.18281,0.60004,0.74975,0.024213,0.0094636,0.41379,0.665,0.55498,0.36436,0.52974,0.22192,0.031318,0.070637,0.70663,0.83459,0.57734,0.67514,0.5011,0.50347,0.66252,0.60397,0.087319,0.80263,0.050933,0.86848,0.58268,0.06274,0.26005,0.65055,0.92879,0.3086,0.58369,0.57541,0.39544,0.55011,0.073044,0.37014,0.2651,0.6477,0.39048
0.042171,0.56151,0.074952,0.40806,0.31751,0.92069,0.23442,0.42504,0.66658,0.016239,0.50648,0.6775,0.4869,0.5629,0.0010576,0.92453,0.078795,0.80166,0.76698,0.5977,0.43959,0.04602,0.727,0.41723,0.72083,0.097951,0.34095,0.0035926,0.33139,0.84405,0.11845,0.32296,0.80795,0.075194,0.57327,0.54305,0.20343,0.019502,0.61001,0.65733,0.086212,0.85704,0.34407,0.19943,0.60704,0.39337,0,0.041528,0.55422,0.63138,0.44852,0.013576,0.3702,0.39088,0.58038,0.47048,0.78143,0.084277,0.49466,0.68386,0.0037842,0.0010183,0.27527,0.59778,0.4357,0.22716,0.40315,0.23222,0.010469,0.015377,0.6292,0.79189,0.46578,0.58864,0.37333,0.38098,0.57279,0.4967,0.11364,0.7511,0.024807,0.8341,0.47327,0.024773,0.13591,0.55894,0.90807,0.17582,0.47526,0.45981,0.25539,0.41559,0.028357,0.23101,0.13883,0.56559,0.25539
0.69382,0.96069,0.7876,0.94097,0.93285,0.99135,0.90001,0.95042,0.97334,0.32916,0.96118,0.9752,0.9546,0.96493,0.29332,0.99159,0.77846,0.98415,0.98276,0.96883,0.95285,0.72899,0.97911,0.93186,0.97795,0.78297,0.92143,0.44551,0.92663,0.98458,0.80255,0.93113,0.98562,0.83036,0.9668,0.95764,0.87066,0.72329,0.97135,0.97428,0.84656,0.98768,0.91621,0.86845,0.97114,0.91804,0.95847,0,0.96201,0.97171,0.95263,0.65517,0.92851,0.92453,0.96781,0.9461,0.98347,0.83743,0.95402,0.97562,0.52425,0.44385,0.90751,0.9672,0.95155,0.87544,0.94651,0.8375,0.46021,0.66705,0.97076,0.98378,0.95215,0.96798,0.93183,0.92628,0.96857,0.95755,0.70934,0.98138,0.49474,0.98671,0.95183,0.58415,0.8172,0.96316,0.99074,0.84297,0.95074,0.95226,0.89769,0.94802,0.61692,0.88482,0.81926,0.96562,0.8819
0.03869,0.50905,0.068688,0.36235,0.3065,0.89195,0.24166,0.37714,0.58707,0.015187,0.44979,0.62255,0.43616,0.50776,0.0013135,0.89682,0.071956,0.75514,0.71683,0.54456,0.38747,0.04336,0.67354,0.3714,0.66681,0.089833,0.30204,0.004352,0.29448,0.75965,0.10747,0.28262,0.75771,0.069263,0.51835,0.49092,0.18004,0.022464,0.54951,0.60343,0.078638,0.81666,0.30496,0.17648,0.54879,0.3542,0.44578,0.037989,0,0.57562,0.39438,0.014582,0.32834,0.34653,0.52558,0.42172,0.73135,0.07715,0.4436,0.63141,0.0047825,0.0016825,0.24362,0.51857,0.3835,0.20132,0.3544,0.20578,0.010552,0.016494,0.57433,0.74223,0.41549,0.53374,0.33189,0.33842,0.51411,0.44606,0.10177,0.70094,0.020706,0.7899,0.42269,0.023209,0.070687,0.50229,0.87695,0.15622,0.4253,0.4128,0.22522,0.38036,0.026638,0.20544,0.070669,0.49725,0.22592
0.026014,0.43405,0.047051,0.24592,0.23956,0.85594,0.18277,0.30216,0.51058,0.010256,0.36802,0.54859,0.36115,0.43152,0.00054176,0.86107,0.048292,0.69437,0.65127,0.4705,0.31064,0.02814,0.60263,0.30102,0.59414,0.065981,0.23873,0.0021601,0.23373,0.69678,0.078287,0.21785,0.69191,0.047952,0.44201,0.41586,0.13443,0.011354,0.46718,0.53026,0.055062,0.7643,0.24174,0.081069,0.46912,0.29223,0.36862,0.02829,0.42438,0,0.31667,0.0073242,0.26221,0.27807,0.44911,0.34947,0.66482,0.054129,0.36919,0.56084,0.0018134,0.00042021,0.18945,0.43949,0.3063,0.15252,0.28029,0.15841,0.006564,0.0089127,0.49921,0.67822,0.34222,0.45797,0.26617,0.27112,0.43229,0.37179,0.073392,0.63377,0.015962,0.73304,0.31213,0.014809,0.087988,0.43003,0.83745,0.11551,0.35147,0.3413,0.11917,0.30611,0.017187,0.15723,0.090205,0.41802,0.17233
0.052758,0.61318,0.091198,0.45458,0.39424,0.94851,0.31672,0.46147,0.69589,0.020249,0.56855,0.7281,0.53653,0.61397,0.0022933,0.95284,0.073454,0.84503,0.81269,0.64815,0.48243,0.058948,0.77627,0.4636,0.77141,0.1163,0.38322,0.0063625,0.37308,0.85403,0.14107,0.33638,0.88701,0.092426,0.62631,0.59423,0.23563,0.031852,0.69125,0.70675,0.10451,0.89547,0.38749,0.23171,0.67616,0.4372,0.55148,0.04737,0.60562,0.68333,0,0.019767,0.4149,0.43612,0.632,0.52084,0.82931,0.10241,0.54469,0.73277,0.0064867,0.0023654,0.31302,0.62973,0.47965,0.26181,0.43742,0.26614,0.015112,0.02537,0.67997,0.83828,0.51459,0.63987,0.41795,0.42658,0.65103,0.5462,0.13523,0.79778,0.028175,0.87469,0.52327,0.031492,0.16046,0.60895,0.93818,0.2053,0.52583,0.50967,0.29294,0.47958,0.036575,0.26594,0.16445,0.60699,0.29287
0.48306,0.98501,0.74812,0.97036,0.96485,0.99926,0.92239,0.98198,0.99485,0.20176,0.987,0.99465,0.9831,0.98966,0.091897,0.9993,0.74675,0.99768,0.99735,0.99191,0.98311,0.64433,0.9964,0.95249,0.99574,0.73728,0.95098,0.21143,0.959,0.99828,0.77919,0.96642,0.99815,0.71848,0.99051,0.98255,0.88922,0.63867,0.99371,0.9944,0.75657,0.99863,0.93838,0.88511,0.99368,0.93742,0.98642,0.34483,0.98542,0.99268,0.98023,0,0.9577,0.94358,0.99135,0.97078,0.99775,0.74047,0.97995,0.99427,0.2917,0.1874,0.9377,0.99181,0.98188,0.89491,0.97876,0.81031,0.24578,0.53264,0.99209,0.99773,0.98051,0.99178,0.96021,0.95161,0.99233,0.98475,0.65809,0.99713,0.29238,0.99845,0.97774,0.39199,0.81022,0.98689,0.99923,0.85186,0.97644,0.98201,0.92223,0.97845,0.44855,0.90805,0.81421,0.99108,0.90117
0.082067,0.674,0.14175,0.53894,0.48491,0.96874,0.40555,0.56224,0.75025,0.03354,0.63878,0.77445,0.61335,0.68039,0.0065041,0.94974,0.15114,0.86526,0.84131,0.70942,0.57637,0.095401,0.81242,0.54302,0.80656,0.16701,0.45752,0.015707,0.45842,0.87301,0.19849,0.46022,0.87203,0.13841,0.69089,0.65663,0.31431,0.062811,0.725,0.75766,0.15385,0.90489,0.47208,0.31137,0.721,0.50286,0.6298,0.071488,0.67166,0.73779,0.5851,0.042299,0,0.51441,0.69656,0.59281,0.85331,0.15158,0.61958,0.77751,0.018985,0.010713,0.39633,0.69568,0.57388,0.34205,0.54364,0.33566,0.025566,0.047219,0.73579,0.86034,0.59402,0.70274,0.50238,0.51922,0.69695,0.62357,0.18995,0.82961,0.04379,0.8894,0.60191,0.054058,0.22487,0.67531,0.93896,0.27855,0.60248,0.58858,0.37664,0.56537,0.060359,0.34575,0.23099,0.67683,0.37534
0.088144,0.72737,0.15714,0.52205,0.4688,0.9518,0.39347,0.54279,0.73357,0.035872,0.61641,0.76094,0.59493,0.66211,0.0062784,0.95537,0.16495,0.8612,0.83412,0.69272,0.55616,0.11029,0.80196,0.5261,0.79732,0.17747,0.45632,0.016804,0.44725,0.869,0.20818,0.4453,0.86925,0.15227,0.67238,0.71305,0.31394,0.082203,0.70626,0.74331,0.16864,0.90492,0.45791,0.31102,0.70339,0.49544,0.60912,0.075473,0.65347,0.72193,0.56388,0.056418,0.48559,0,0.67858,0.60441,0.84724,0.16493,0.60177,0.76517,0.023286,0.010427,0.39085,0.6764,0.55253,0.33919,0.52301,0.32853,0.028252,0.06061,0.71975,0.8556,0.57533,0.68484,0.48797,0.49438,0.67615,0.60461,0.1931,0.82157,0.046046,0.88747,0.58234,0.05754,0.2326,0.65799,0.9427,0.28094,0.58365,0.57124,0.37103,0.54501,0.067742,0.34397,0.23721,0.65661,0.36839
0.031457,0.48325,0.056239,0.33725,0.2809,0.87759,0.21831,0.34927,0.56188,0.012039,0.42248,0.5982,0.41022,0.48139,0.00058864,0.88206,0.057887,0.73366,0.69486,0.51996,0.36007,0.033407,0.64962,0.34592,0.64281,0.076535,0.27772,0.0024926,0.22661,0.73861,0.091934,0.25772,0.73486,0.057118,0.49424,0.46497,0.1588,0.013431,0.52282,0.57853,0.065089,0.79762,0.28104,0.15562,0.52189,0.33078,0.41962,0.032187,0.47442,0.55089,0.368,0.0086512,0.30344,0.32142,0,0.39609,0.75546,0.063978,0.41747,0.60729,0.0020187,0.00040466,0.22104,0.49214,0.35619,0.18002,0.32767,0.18676,0.007779,0.0099773,0.54974,0.71992,0.38942,0.508,0.30671,0.3138,0.4873,0.41987,0.087405,0.67805,0.017744,0.77053,0.39653,0.017897,0.1045,0.47968,0.86171,0.137,0.38242,0.35886,0.20256,0.35411,0.02059,0.18416,0.10694,0.47087,0.20367
0.058903,0.62469,0.10584,0.44292,0.38751,0.92308,0.31755,0.46001,0.66301,0.023777,0.53351,0.69424,0.51692,0.58681,0.0025003,0.92713,0.11247,0.80987,0.7775,0.62054,0.47234,0.069331,0.73979,0.44924,0.73455,0.12867,0.37918,0.0085824,0.37099,0.81691,0.15295,0.36378,0.81537,0.10386,0.59716,0.60629,0.24437,0.044752,0.62888,0.67594,0.11747,0.86259,0.38099,0.24132,0.62697,0.42396,0.52952,0.053895,0.57828,0.65053,0.47916,0.029218,0.40719,0.39559,0.60391,0,0.79159,0.11473,0.52355,0.70048,0.010023,0.0037186,0.31606,0.59952,0.46856,0.26774,0.43936,0.26542,0.016283,0.032374,0.64948,0.8017,0.49677,0.61118,0.41049,0.41654,0.59634,0.52656,0.14397,0.76317,0.031697,0.84128,0.50419,0.036188,0.17278,0.58341,0.91114,0.21559,0.50595,0.49371,0.29659,0.46486,0.041846,0.27286,0.17682,0.57934,0.29612
0.01093,0.27631,0.02114,0.16765,0.12566,0.75256,0.089289,0.1687,0.34145,0.0047294,0.21022,0.37955,0.21875,0.27508,0.00016711,0.75753,0.021205,0.5408,0.49265,0.3143,0.17032,0.011657,0.435,0.1728,0.42317,0.034682,0.13174,0.00080753,0.093891,0.53578,0.040336,0.11127,0.52425,0.0212,0.23376,0.25886,0.067002,0.003538,0.29136,0.36825,0.024919,0.62598,0.13239,0.063788,0.30217,0.17329,0.21857,0.016534,0.26865,0.33518,0.17069,0.0022482,0.14669,0.15276,0.24451,0.20841,0,0.024453,0.22365,0.40052,0.00041793,3.5596e-05,0.10345,0.27213,0.16622,0.077994,0.14798,0.082245,0.0033834,0.0028396,0.33605,0.51387,0.20343,0.29965,0.15186,0.15228,0.26093,0.227,0.035062,0.47328,0.0091823,0.58462,0.20607,0.0059805,0.043456,0.27629,0.72662,0.057093,0.15046,0.16202,0.088074,0.1701,0.0069205,0.083046,0.043489,0.25746,0.088742
0.23397,0.9202,0.50279,0.87335,0.85393,0.99295,0.78889,0.8938,0.95192,0.058227,0.9195,0.95575,0.90663,0.93005,0.032946,0.99346,0.52225,0.97692,0.97265,0.93844,0.89895,0.38744,0.96602,0.85488,0.96358,0.50595,0.83326,0.094873,0.83571,0.97972,0.56781,0.84756,0.97997,0.4729,0.9339,0.91347,0.71985,0.37363,0.94567,0.95217,0.5152,0.98561,0.82505,0.71903,0.94495,0.81719,0.91572,0.16257,0.92285,0.94587,0.89759,0.25953,0.84842,0.83507,0.93602,0.88527,0.97555,0,0.90497,0.95585,0.12106,0.065651,0.79241,0.93516,0.89744,0.73923,0.88513,0.66342,0.12134,0.28123,0.94529,0.97671,0.89821,0.93713,0.8529,0.84575,0.9379,0.91156,0.50026,0.9701,0.16504,0.98271,0.89828,0.21112,0.61221,0.92573,0.99165,0.67645,0.89588,0.89883,0.77698,0.889,0.2426,0.74802,0.62126,0.93112,0.75778
0.049029,0.56382,0.086141,0.41679,0.35988,0.91436,0.28859,0.43331,0.64253,0.019166,0.51102,0.72559,0.49252,0.56437,0.0019584,0.91843,0.090525,0.79554,0.76181,0.59993,0.44651,0.054801,0.72315,0.4247,0.71682,0.10868,0.35172,0.0066252,0.3426,0.80162,0.12962,0.33416,0.80024,0.085631,0.5759,0.54543,0.21618,0.031134,0.60843,0.65593,0.097129,0.89503,0.35465,0.213,0.60671,0.39996,0.50534,0.045983,0.5564,0.63081,0.45531,0.020048,0.38042,0.39823,0.58253,0.47645,0.77635,0.095033,0,0.68211,0.0072037,0.0031123,0.28656,0.5786,0.44321,0.24013,0.41223,0.2427,0.012907,0.022675,0.62934,0.7857,0.4716,0.58988,0.38396,0.3905,0.57492,0.50262,0.12395,0.74701,0.027393,0.82749,0.47995,0.029779,0.14785,0.56102,0.9014,0.18853,0.4824,0.4678,0.26744,0.43812,0.034182,0.24418,0.15148,0.55742,0.2683
0.021013,0.37705,0.038524,0.24953,0.20123,0.80567,0.15141,0.25611,0.44873,0.0083779,0.31394,0.48545,0.31091,0.37479,0.00041894,0.81044,0.039351,0.63255,0.58834,0.41273,0.26239,0.022635,0.5385,0.25642,0.52904,0.054781,0.20184,0.0016575,0.199,0.63296,0.065344,0.18167,0.6261,0.039063,0.38454,0.35985,0.11141,0.0087071,0.40395,0.46955,0.044827,0.70488,0.1512,0.10825,0.40995,0.25025,0.31614,0.024378,0.36859,0.43916,0.26723,0.0057272,0.22249,0.23483,0.39271,0.29952,0.59948,0.044153,0.31789,0,0.0013097,0.00027019,0.15981,0.38025,0.2585,0.080586,0.23532,0.13251,0.0054119,0.0066113,0.43861,0.61306,0.29365,0.39965,0.2263,0.22997,0.37134,0.32022,0.060439,0.57047,0.014242,0.67109,0.29831,0.011872,0.073008,0.37475,0.7853,0.05505,0.30139,0.29452,0.14337,0.25948,0.013733,0.13189,0.074416,0.36167,0.14404
0.66802,0.99613,0.8862,0.98886,0.98688,0.99988,0.95811,0.99481,0.99884,0.2963,0.99694,0.99863,0.99463,0.99724,0.19882,0.9999,0.86371,0.99955,0.99952,0.99803,0.99544,0.81633,0.99926,0.9762,0.99902,0.86762,0.97773,0.38298,0.98651,0.99969,0.88472,0.98836,0.99972,0.87039,0.99771,0.99464,0.94671,0.81895,0.9987,0.99878,0.88669,0.99978,0.96788,0.94194,0.9987,0.97579,0.99622,0.47575,0.99522,0.99819,0.99351,0.7083,0.98102,0.97671,0.99798,0.98998,0.99958,0.87894,0.9928,0.99869,0,0.37993,0.97669,0.99754,0.9944,0.94259,0.99341,0.88506,0.4092,0.72602,0.99796,0.99958,0.99373,0.99791,0.98476,0.97687,0.99807,0.99573,0.74534,0.99946,0.45144,0.99974,0.99219,0.58236,0.89791,0.99611,0.99988,0.91642,0.99041,0.99528,0.96488,0.99276,0.63677,0.96131,0.89826,0.99744,0.94301
0.76089,0.99891,0.94057,0.99496,0.99433,1,0.97468,0.99871,0.99984,0.36132,0.99922,0.99971,0.99815,0.99929,0.2787,1,0.91559,0.99995,0.99996,0.99954,0.9985,0.88902,0.9999,0.98746,0.99986,0.92331,0.98801,0.49173,0.99526,0.99998,0.9309,0.99586,0.99998,0.92622,0.99943,0.99869,0.96833,0.90189,0.9998,0.9998,0.94013,0.99999,0.97968,0.96345,0.99982,0.99054,0.99898,0.55615,0.99832,0.99958,0.99763,0.8126,0.98929,0.98957,0.9996,0.99628,0.99996,0.93435,0.99689,0.99973,0.62007,0,0.9897,0.99937,0.9982,0.96237,0.99784,0.92297,0.51356,0.8269,0.99947,0.99996,0.9976,0.99956,0.99214,0.98571,0.99966,0.99871,0.79017,0.99994,0.54766,0.99998,0.9967,0.6884,0.93513,0.99872,0.99999,0.9424,0.99557,0.99878,0.97925,0.99717,0.73679,0.97923,0.93519,0.99943,0.96125
0.10886,0.75416,0.19867,0.6413,0.59353,0.96007,0.51158,0.66766,0.82117,0.045837,0.73424,0.83879,0.70971,0.81759,0.0067438,0.96188,0.21576,0.90396,0.88834,0.78812,0.68203,0.13238,0.86697,0.63916,0.86149,0.22309,0.57436,0.018989,0.56457,0.91039,0.22034,0.57303,0.91042,0.18943,0.77458,0.73865,0.39751,0.097962,0.80388,0.82629,0.21154,0.93213,0.57459,0.40935,0.80057,0.58621,0.72473,0.092487,0.75638,0.81055,0.68698,0.062297,0.60367,0.60915,0.77896,0.68394,0.89655,0.20759,0.71344,0.84019,0.023307,0.010305,0,0.77834,0.67923,0.44103,0.65134,0.41915,0.033168,0.071084,0.80842,0.90134,0.74004,0.83269,0.60514,0.61137,0.78064,0.71803,0.25525,0.88016,0.056331,0.92142,0.69739,0.070825,0.30436,0.76012,0.95468,0.36922,0.69779,0.68753,0.48145,0.6681,0.081112,0.44464,0.31197,0.76431,0.47638
0.031705,0.4923,0.057614,0.33791,0.23567,0.9003,0.1651,0.35076,0.57948,0.012188,0.42645,0.61067,0.41428,0.48933,0.00073351,0.90581,0.058763,0.75385,0.71216,0.52786,0.36213,0.03425,0.6657,0.34788,0.65899,0.076408,0.27748,0.0027337,0.27178,0.79513,0.092579,0.25656,0.75725,0.057678,0.50052,0.47271,0.15904,0.01355,0.53174,0.58992,0.066412,0.81977,0.28058,0.15474,0.5312,0.335,0.40222,0.032803,0.48143,0.56051,0.37027,0.0081857,0.30432,0.3236,0.50786,0.40048,0.72787,0.06484,0.4214,0.61975,0.0024573,0.00063115,0.22166,0,0.35767,0.17914,0.32793,0.18596,0.0076588,0.010643,0.5587,0.74093,0.39316,0.51608,0.30795,0.31487,0.49396,0.4244,0.087113,0.69423,0.019521,0.79154,0.39971,0.018236,0.10503,0.48683,0.8842,0.1363,0.40382,0.39024,0.20194,0.32029,0.021004,0.18334,0.10668,0.46808,0.20273
0.053007,0.62343,0.092018,0.46716,0.40585,0.94802,0.32667,0.48106,0.70703,0.020415,0.58863,0.73808,0.54883,0.62547,0.0014294,0.9519,0.07124,0.84869,0.8185,0.65815,0.50222,0.057853,0.78373,0.47547,0.77876,0.11741,0.39426,0.0052022,0.38337,0.85835,0.14245,0.35375,0.88916,0.092589,0.63741,0.60395,0.24155,0.0292,0.70608,0.71573,0.10553,0.89743,0.39784,0.23808,0.69192,0.44502,0.5643,0.048448,0.6165,0.6937,0.52035,0.018125,0.42612,0.44747,0.64381,0.53144,0.83378,0.10256,0.55679,0.7415,0.0056033,0.0017982,0.32077,0.64233,0,0.26877,0.45805,0.27328,0.01522,0.021108,0.68978,0.84245,0.52645,0.65148,0.429,0.4392,0.66787,0.55872,0.13785,0.80425,0.027098,0.87792,0.5358,0.031592,0.1633,0.62048,0.93813,0.20999,0.5378,0.52153,0.30081,0.49295,0.035821,0.27299,0.16735,0.61924,0.3015
0.15306,0.79548,0.25767,0.69435,0.65079,0.97259,0.57091,0.72002,0.85821,0.068409,0.78119,0.872,0.75756,0.80809,0.024177,0.9741,0.27328,0.92715,0.91445,0.8276,0.73306,0.18436,0.89708,0.68979,0.89195,0.27991,0.63007,0.047342,0.62119,0.93346,0.32667,0.63049,0.93412,0.2437,0.81599,0.7815,0.4709,0.14729,0.84328,0.86102,0.26755,0.95062,0.6805,0.46972,0.83988,0.63564,0.77284,0.12456,0.79868,0.84748,0.73819,0.10509,0.65795,0.66081,0.81998,0.73226,0.92201,0.26077,0.75987,0.91939,0.05741,0.037632,0.55897,0.82086,0.73122,0,0.70494,0.47215,0.060387,0.11484,0.8458,0.9257,0.74087,0.82414,0.65968,0.66445,0.82372,0.76428,0.30526,0.90766,0.0844,0.9423,0.74592,0.11026,0.36315,0.80215,0.96859,0.40024,0.74563,0.73673,0.54061,0.72103,0.1225,0.50442,0.37116,0.80763,0.53424
0.059344,0.65101,0.10428,0.49827,0.43835,0.95346,0.35647,0.52112,0.73321,0.02272,0.62863,0.76142,0.58077,0.65468,0.0020078,0.95679,0.080886,0.86441,0.83687,0.68599,0.54467,0.065705,0.80545,0.50619,0.79938,0.13101,0.42403,0.0070458,0.41245,0.87381,0.15793,0.39223,0.90265,0.10329,0.66652,0.63148,0.2653,0.033772,0.73861,0.7408,0.11692,0.90856,0.42816,0.26272,0.72423,0.47026,0.59685,0.053486,0.6456,0.71971,0.56258,0.021237,0.45636,0.47699,0.67233,0.56064,0.85202,0.11487,0.58777,0.76468,0.006587,0.0021553,0.34866,0.67207,0.54195,0.29506,0,0.2961,0.014735,0.02514,0.71664,0.85948,0.55842,0.67955,0.459,0.4694,0.70344,0.5899,0.15373,0.82405,0.029771,0.89103,0.56711,0.035278,0.18069,0.6496,0.94496,0.23196,0.56901,0.5523,0.32811,0.52616,0.040449,0.29784,0.18626,0.65004,0.32851
0.21471,0.79469,0.33299,0.69641,0.65691,0.97291,0.58554,0.71775,0.85117,0.091834,0.77425,0.86638,0.7541,0.80225,0.040734,0.97454,0.33888,0.92422,0.90966,0.82131,0.72941,0.26544,0.89149,0.69341,0.88713,0.34755,0.64028,0.088061,0.63397,0.92975,0.38494,0.63882,0.93029,0.32023,0.80997,0.78223,0.50539,0.24423,0.83492,0.85458,0.34327,0.94888,0.63841,0.50311,0.83188,0.77808,0.76778,0.1625,0.79422,0.84159,0.73386,0.18969,0.66434,0.67147,0.81324,0.73458,0.91775,0.33658,0.7573,0.86749,0.11494,0.077029,0.58085,0.81404,0.72672,0.52785,0.7039,0,0.10336,0.19948,0.84006,0.92196,0.73862,0.81757,0.66691,0.66911,0.81538,0.76123,0.2308,0.90239,0.1306,0.93954,0.74381,0.16747,0.4147,0.7974,0.96833,0.46734,0.74375,0.73567,0.56354,0.71939,0.18676,0.53479,0.421,0.80082,0.5552
0.72038,0.98958,0.88688,0.98191,0.97874,0.99833,0.95511,0.98655,0.99421,0.35794,0.98882,0.99427,0.98869,0.9916,0.29222,0.99835,0.87033,0.99689,0.99649,0.99267,0.9868,0.82577,0.99574,0.97247,0.99509,0.87517,0.97074,0.48314,0.97732,0.99701,0.88923,0.97758,0.99686,0.87299,0.99232,0.98861,0.93982,0.8377,0.99341,0.99443,0.88869,0.99787,0.96513,0.93567,0.99319,0.96868,0.98953,0.53979,0.98945,0.99344,0.98489,0.75422,0.97443,0.97175,0.99222,0.98372,0.99662,0.87866,0.98709,0.99459,0.5908,0.48644,0.96683,0.99234,0.98478,0.93961,0.98527,0.89664,0,0.76677,0.99326,0.99649,0.98705,0.99221,0.97655,0.97061,0.99146,0.98843,0.76514,0.99633,0.53216,0.99724,0.98591,0.64824,0.89627,0.99031,0.99811,0.9134,0.98444,0.98737,0.95696,0.98573,0.68682,0.95378,0.89683,0.99151,0.93904
0.46477,0.9828,0.73531,0.9655,0.96021,0.99914,0.91392,0.97822,0.99353,0.1968,0.9852,0.99362,0.98057,0.98804,0.083022,0.99918,0.73114,0.99729,0.99692,0.99028,0.97937,0.61304,0.99558,0.94619,0.99475,0.71673,0.94561,0.19871,0.95361,0.99766,0.76396,0.95915,0.99798,0.69538,0.98934,0.97961,0.87957,0.61424,0.99283,0.99337,0.73371,0.99844,0.93139,0.87444,0.99266,0.92936,0.98462,0.33295,0.98351,0.99109,0.97463,0.46736,0.95278,0.93939,0.99002,0.96763,0.99716,0.71877,0.97733,0.99339,0.27398,0.1731,0.92892,0.98936,0.97889,0.88516,0.97486,0.80052,0.23323,0,0.99094,0.99709,0.97756,0.98986,0.9556,0.9486,0.99151,0.98256,0.64724,0.99657,0.28002,0.99809,0.97452,0.37325,0.79675,0.98488,0.99903,0.83976,0.97185,0.97926,0.91341,0.97566,0.41403,0.89886,0.8001,0.98901,0.89229
0.026572,0.43502,0.048038,0.29523,0.24277,0.85411,0.18549,0.30469,0.51202,0.010455,0.37081,0.54804,0.3633,0.43272,0.00057421,0.85863,0.049421,0.69293,0.6511,0.47219,0.31322,0.028872,0.60201,0.30367,0.59395,0.067226,0.24142,0.0022253,0.23611,0.69643,0.079178,0.22057,0.69113,0.048707,0.44329,0.41635,0.13606,0.012202,0.46741,0.53121,0.055382,0.76243,0.2441,0.13275,0.47173,0.29337,0.3708,0.029236,0.42567,0.50079,0.32003,0.0079109,0.26421,0.28025,0.45026,0.35052,0.66395,0.054712,0.37066,0.56139,0.0020441,0.00053357,0.19158,0.4413,0.31022,0.1542,0.28336,0.15994,0.0067413,0.0090551,0,0.67643,0.3438,0.45923,0.20558,0.27305,0.43234,0.3737,0.07442,0.63268,0.016317,0.78174,0.35061,0.01537,0.08957,0.43145,0.87891,0.11693,0.35272,0.34327,0.17361,0.30838,0.017697,0.09929,0.091062,0.42059,0.1741
0.010356,0.26391,0.020194,0.16005,0.11962,0.74405,0.084092,0.16062,0.32808,0.0046016,0.19972,0.367,0.20918,0.26376,0.00018466,0.79268,0.020529,0.52812,0.47846,0.3027,0.16155,0.010968,0.42113,0.16444,0.40798,0.033633,0.12525,0.0007902,0.12655,0.52059,0.0389,0.10517,0.50981,0.020145,0.27116,0.24747,0.064155,0.0031231,0.27748,0.35596,0.023548,0.61403,0.12559,0.060644,0.28962,0.16541,0.20811,0.016225,0.25777,0.32178,0.16172,0.0022695,0.13966,0.1444,0.28008,0.1983,0.48613,0.023286,0.2143,0.38694,0.00041997,3.9696e-05,0.098657,0.25907,0.15755,0.074304,0.14052,0.078041,0.00351,0.0029124,0.32357,0,0.19426,0.28797,0.14483,0.14442,0.24811,0.16364,0.033287,0.45919,0.0094893,0.5722,0.19658,0.0056441,0.041509,0.26496,0.71751,0.054438,0.19917,0.19955,0.083929,0.1617,0.006583,0.079365,0.0417,0.24551,0.084587
0.052019,0.59063,0.091766,0.44371,0.38622,0.92242,0.31207,0.46245,0.66952,0.020423,0.5413,0.70101,0.52138,0.61865,0.0017931,0.92603,0.097214,0.81332,0.78303,0.62635,0.47644,0.057209,0.74672,0.4515,0.74035,0.11562,0.37603,0.0060171,0.36658,0.8206,0.094273,0.3612,0.81927,0.091237,0.60472,0.57219,0.17285,0.030508,0.63783,0.68158,0.10395,0.86467,0.3802,0.23043,0.63542,0.42266,0.53422,0.047847,0.58451,0.65778,0.48541,0.019491,0.40598,0.42467,0.61058,0.50323,0.79657,0.10179,0.5284,0.70635,0.0062663,0.0024029,0.25992,0.60684,0.47355,0.25913,0.44158,0.26138,0.012952,0.02244,0.6562,0.80574,0,0.64505,0.40961,0.41724,0.60516,0.53101,0.13409,0.76871,0.027434,0.8437,0.50804,0.031059,0.15938,0.58906,0.91119,0.20388,0.50987,0.49566,0.28877,0.46673,0.035684,0.26248,0.16363,0.58519,0.28903
0.030917,0.47576,0.054931,0.33008,0.27555,0.87268,0.21299,0.34219,0.55275,0.011895,0.41325,0.58991,0.40233,0.46919,0.0006214,0.87673,0.056842,0.72621,0.68699,0.51136,0.35236,0.032916,0.64139,0.33921,0.63403,0.075708,0.27177,0.0025006,0.26508,0.73007,0.057922,0.25159,0.72626,0.055802,0.48504,0.45695,0.10202,0.01329,0.51231,0.57064,0.064041,0.79134,0.27469,0.15187,0.51354,0.32486,0.41136,0.032022,0.46626,0.54203,0.36013,0.0082156,0.29726,0.31516,0.492,0.38882,0.70035,0.062869,0.41012,0.60035,0.0020894,0.00043676,0.16727,0.48392,0.34852,0.17586,0.32045,0.18243,0.0077878,0.010137,0.54077,0.71203,0.35491,0,0.30107,0.3071,0.47767,0.41224,0.085469,0.6698,0.018014,0.76231,0.38971,0.017577,0.10233,0.47161,0.85595,0.1338,0.39168,0.38049,0.19807,0.34644,0.020291,0.18021,0.10456,0.46199,0.19905
0.07794,0.66996,0.13772,0.53596,0.48274,0.94283,0.40311,0.56014,0.74561,0.03198,0.63501,0.76982,0.61143,0.67707,0.0051515,0.94546,0.14748,0.86056,0.83642,0.70587,0.57461,0.09043,0.80747,0.54031,0.80167,0.16351,0.46798,0.013601,0.45664,0.86751,0.19513,0.45823,0.86699,0.13385,0.68748,0.65305,0.3115,0.058681,0.7198,0.75367,0.1506,0.90006,0.47035,0.30968,0.71762,0.4989,0.62667,0.06817,0.66811,0.73383,0.58205,0.039791,0.49762,0.51203,0.69329,0.58951,0.84814,0.1471,0.61604,0.7737,0.015243,0.0078598,0.39486,0.69205,0.571,0.34032,0.541,0.33309,0.023449,0.044396,0.79431,0.85517,0.59039,0.69893,0,0.50717,0.69188,0.61988,0.18682,0.82556,0.040635,0.93253,0.59869,0.049998,0.22212,0.6721,0.96388,0.27638,0.59979,0.58612,0.37501,0.56249,0.056983,0.29261,0.22789,0.67333,0.37306
0.086059,0.66509,0.14291,0.5284,0.47427,0.97165,0.39662,0.55051,0.74093,0.034656,0.62652,0.76731,0.60339,0.67035,0.0086037,0.94974,0.15228,0.86094,0.83593,0.69998,0.56473,0.099876,0.80593,0.53344,0.79985,0.16702,0.43908,0.019256,0.44903,0.86801,0.19836,0.44977,0.868,0.14197,0.6805,0.64772,0.30873,0.067683,0.71456,0.74929,0.15772,0.90246,0.46226,0.30581,0.71156,0.49653,0.61902,0.073715,0.66158,0.72888,0.57342,0.048394,0.48075,0.50562,0.6862,0.58346,0.84772,0.15425,0.6095,0.77003,0.023126,0.014294,0.38863,0.68513,0.5608,0.33555,0.5306,0.33089,0.029393,0.051396,0.72695,0.85558,0.58276,0.6929,0.49283,0,0.68547,0.61299,0.18807,0.82425,0.045668,0.88581,0.59075,0.057652,0.2236,0.66534,0.93811,0.2743,0.59231,0.57778,0.36903,0.55387,0.065685,0.34012,0.22933,0.66599,0.36803
0.03048,0.49781,0.053411,0.33944,0.28032,0.90904,0.2145,0.32491,0.58059,0.011672,0.41594,0.6193,0.41508,0.49337,0.00056652,0.91506,0.038692,0.76339,0.72147,0.53288,0.33629,0.032043,0.67516,0.3497,0.66819,0.073684,0.2761,0.0023374,0.26982,0.77053,0.089596,0.21823,0.79966,0.054928,0.5055,0.4785,0.15574,0.012632,0.54463,0.59633,0.063211,0.83038,0.28025,0.15067,0.53687,0.33748,0.42721,0.031433,0.48589,0.56771,0.34897,0.0076718,0.30305,0.32385,0.5127,0.40366,0.73907,0.062098,0.42508,0.62866,0.001932,0.00034104,0.21936,0.50604,0.33213,0.17628,0.29656,0.18462,0.0085446,0.0084904,0.56766,0.75189,0.39484,0.52233,0.30812,0.31453,0,0.42678,0.084297,0.70347,0.018186,0.80135,0.40233,0.017034,0.10075,0.49077,0.89295,0.13257,0.405,0.39247,0.19905,0.35705,0.019604,0.18148,0.10324,0.4823,0.20027
0.044706,0.56093,0.079287,0.41306,0.35641,0.90951,0.28491,0.43121,0.64076,0.017367,0.5091,0.6727,0.49093,0.56254,0.0012094,0.94265,0.084139,0.79193,0.75859,0.59685,0.4449,0.049013,0.72035,0.42159,0.71348,0.10235,0.34747,0.0044768,0.33843,0.7983,0.12414,0.33165,0.79705,0.079677,0.57361,0.54233,0.21057,0.02313,0.60756,0.65352,0.090929,0.84626,0.35144,0.20776,0.60472,0.39603,0.5033,0.042453,0.55394,0.62821,0.4538,0.015246,0.37643,0.39539,0.58013,0.47344,0.773,0.08844,0.49738,0.67978,0.0042731,0.0012918,0.28197,0.5756,0.44128,0.23572,0.4101,0.23877,0.011573,0.017436,0.6263,0.83633,0.46899,0.58776,0.38012,0.38701,0.57322,0,0.11933,0.74382,0.023767,0.82327,0.47664,0.026365,0.14179,0.55875,0.89711,0.18356,0.47912,0.46558,0.26309,0.43482,0.030291,0.23974,0.14594,0.55458,0.26359
0.36415,0.89528,0.49916,0.83607,0.81033,0.98788,0.74988,0.85626,0.93363,0.19159,0.89174,0.93978,0.87562,0.9054,0.14235,0.98849,0.50802,0.96702,0.96122,0.91605,0.86397,0.42264,0.9527,0.82673,0.94957,0.51015,0.79212,0.21574,0.78934,0.97052,0.55221,0.7996,0.97102,0.48208,0.91021,0.88672,0.67604,0.40105,0.92637,0.93422,0.50638,0.97821,0.78754,0.67439,0.92427,0.91268,0.88636,0.29066,0.89823,0.92661,0.86477,0.34191,0.81005,0.8069,0.91259,0.85603,0.96494,0.49974,0.87605,0.93956,0.25466,0.20983,0.74475,0.91289,0.86215,0.69474,0.84627,0.7692,0.23486,0.35276,0.92558,0.96671,0.86591,0.91453,0.81318,0.81193,0.9157,0.88067,0,0.95801,0.26182,0.97443,0.86772,0.31146,0.58362,0.90077,0.98616,0.63631,0.86679,0.86413,0.72977,0.85467,0.33337,0.70287,0.59046,0.90592,0.71904
0.013701,0.30689,0.025585,0.19259,0.14904,0.75853,0.10814,0.19628,0.37379,0.0057492,0.24343,0.41179,0.24702,0.30513,0.00021439,0.76284,0.025842,0.56472,0.52453,0.30256,0.19997,0.014536,0.46437,0.19864,0.4536,0.040894,0.15283,0.00095335,0.15212,0.56154,0.04685,0.13268,0.55184,0.026184,0.31466,0.29062,0.080183,0.0042901,0.32709,0.3704,0.030357,0.64345,0.15388,0.076421,0.33515,0.19737,0.2489,0.018616,0.29906,0.36623,0.20222,0.002872,0.17039,0.17843,0.32195,0.23683,0.52672,0.029899,0.25299,0.42953,0.00053647,5.5773e-05,0.11984,0.30577,0.19575,0.092344,0.17595,0.09761,0.0036685,0.0034279,0.36732,0.54081,0.23129,0.3302,0.17444,0.17575,0.29653,0.25618,0.041991,0,0.010523,0.60553,0.23464,0.0075657,0.051455,0.3064,0.73594,0.067933,0.23773,0.23389,0.10439,0.1981,0.0087999,0.09709,0.052066,0.29028,0.10515
0.6738,0.97822,0.84244,0.96505,0.95891,0.99515,0.9304,0.97145,0.98499,0.34273,0.97781,0.98569,0.97547,0.97997,0.27683,0.99475,0.83253,0.99077,0.98995,0.98251,0.97386,0.78342,0.9884,0.95802,0.98785,0.84003,0.9515,0.45113,0.95743,0.99098,0.85322,0.95914,0.99176,0.8204,0.98131,0.9765,0.91176,0.78857,0.98409,0.98468,0.84282,0.99322,0.94452,0.9101,0.98348,0.94907,0.97519,0.50526,0.97929,0.98404,0.97182,0.70762,0.95621,0.95395,0.98226,0.9683,0.99082,0.83496,0.97261,0.98576,0.54856,0.45234,0.94367,0.98048,0.9729,0.9156,0.97023,0.8694,0.46784,0.71998,0.98368,0.99051,0.97257,0.98199,0.95937,0.95433,0.98181,0.97623,0.73818,0.98948,0,0.99237,0.97073,0.60708,0.8669,0.97935,0.99427,0.88679,0.97075,0.97354,0.93289,0.97004,0.64785,0.92737,0.8685,0.9807,0.91872
0.0074853,0.21432,0.015069,0.1278,0.09254,0.67583,0.06352,0.12649,0.27124,0.0035959,0.1569,0.30608,0.16898,0.21582,0.00012527,0.67802,0.01544,0.45858,0.41245,0.25165,0.12624,0.0079962,0.35526,0.13038,0.3415,0.026991,0.099531,0.00054552,0.10181,0.44884,0.030692,0.080903,0.43547,0.014895,0.22255,0.19918,0.04919,0.0020352,0.22354,0.29935,0.017493,0.54117,0.099048,0.046472,0.23752,0.13152,0.1659,0.013292,0.2101,0.26696,0.12531,0.0015539,0.1106,0.11253,0.22947,0.15872,0.41538,0.017286,0.17251,0.3289,0.00026204,1.7246e-05,0.078575,0.20846,0.12208,0.057696,0.10897,0.060461,0.0027574,0.001908,0.21816,0.4278,0.1563,0.23769,0.067368,0.11419,0.19865,0.17673,0.025567,0.39447,0.0076338,0,0.15773,0.0040618,0.03214,0.21792,0.66765,0.042097,0.15993,0.16254,0.065285,0.12676,0.0047797,0.032162,0.03197,0.19825,0.065137
0.052383,0.58479,0.092256,0.4137,0.37784,0.92379,0.30507,0.45513,0.66421,0.020562,0.53291,0.69573,0.51327,0.58565,0.0021575,0.9276,0.097189,0.81198,0.77965,0.62027,0.46763,0.058878,0.74251,0.44397,0.73642,0.11517,0.36916,0.0067922,0.35937,0.81901,0.13821,0.35315,0.81802,0.092135,0.59763,0.56616,0.2292,0.033467,0.63105,0.67648,0.10395,0.86419,0.37281,0.1639,0.62872,0.41732,0.52673,0.048168,0.57731,0.68785,0.47673,0.022259,0.39809,0.41766,0.60347,0.49581,0.79393,0.10172,0.52005,0.70169,0.0078103,0.0033012,0.30261,0.60029,0.4642,0.25408,0.43289,0.25619,0.014092,0.025482,0.64939,0.80342,0.49196,0.61029,0.40131,0.40925,0.59767,0.52336,0.13228,0.76536,0.029267,0.84227,0,0.032076,0.15744,0.58229,0.91185,0.20031,0.50193,0.48832,0.22707,0.45844,0.03675,0.25796,0.1615,0.57817,0.28302
0.58549,0.97683,0.83778,0.95871,0.95118,0.99846,0.91573,0.96796,0.98707,0.26414,0.97701,0.98825,0.97169,0.98004,0.16185,0.99861,0.7826,0.99435,0.99315,0.98263,0.96998,0.75039,0.99128,0.94648,0.99054,0.81614,0.93976,0.31392,0.94708,0.99517,0.80982,0.95078,0.99538,0.77425,0.98128,0.97422,0.88885,0.71294,0.98553,0.98706,0.79773,0.99671,0.93111,0.88544,0.985,0.93726,0.97523,0.41585,0.97679,0.98519,0.96851,0.60801,0.94594,0.94246,0.9821,0.96381,0.99402,0.78888,0.97022,0.98813,0.41764,0.3116,0.92917,0.98176,0.96841,0.88974,0.96472,0.83253,0.35176,0.62675,0.98463,0.99436,0.96894,0.98242,0.95,0.94235,0.98297,0.97363,0.68854,0.99243,0.39292,0.99594,0.96792,0,0.82959,0.97816,0.99814,0.85601,0.96686,0.96991,0.91652,0.96549,0.55436,0.9052,0.83219,0.98045,0.89644
0.22881,0.87424,0.3847,0.80531,0.77388,0.98404,0.70206,0.82992,0.91957,0.10485,0.87139,0.92681,0.85207,0.88732,0.041983,0.9848,0.40486,0.95919,0.95236,0.89944,0.83924,0.28969,0.94232,0.79272,0.93873,0.39905,0.753,0.081634,0.74956,0.96283,0.45744,0.76253,0.96384,0.36522,0.89297,0.86402,0.61328,0.26177,0.91159,0.92081,0.39651,0.97234,0.7478,0.612,0.90946,0.73995,0.86409,0.1828,0.92929,0.91201,0.83954,0.18978,0.77513,0.7674,0.8955,0.82722,0.95654,0.38779,0.85215,0.92699,0.10209,0.06487,0.69564,0.89497,0.8367,0.63685,0.81931,0.5853,0.10373,0.20325,0.91043,0.95849,0.84062,0.89767,0.77788,0.7764,0.89925,0.85821,0.41638,0.94855,0.1331,0.96786,0.84256,0.17041,0,0.92955,0.98191,0.56666,0.84096,0.8389,0.67866,0.82683,0.19086,0.64386,0.51329,0.88744,0.66572
0.037098,0.50299,0.066256,0.35837,0.30276,0.88466,0.23834,0.37227,0.58145,0.014593,0.44445,0.61633,0.43152,0.50216,0.0010911,0.88876,0.069154,0.74736,0.70957,0.53923,0.38314,0.040933,0.66637,0.36658,0.65995,0.087335,0.29806,0.0038455,0.2908,0.7523,0.1046,0.27914,0.74976,0.066607,0.51323,0.48485,0.17629,0.019602,0.54312,0.59681,0.075679,0.80904,0.30097,0.17291,0.54302,0.34945,0.44106,0.036837,0.49769,0.56997,0.39105,0.013113,0.32469,0.34201,0.52032,0.41659,0.72371,0.074265,0.43898,0.62525,0.0038896,0.0012836,0.23988,0.51317,0.37952,0.19785,0.3504,0.2026,0.009695,0.015119,0.56855,0.73504,0.41094,0.52839,0.3279,0.33466,0.50923,0.44125,0.09923,0.6936,0.020655,0.78208,0.41771,0.02184,0.070432,0,0.86916,0.15292,0.42049,0.40818,0.22133,0.37615,0.025145,0.20194,0.070677,0.49233,0.22221
0.0034067,0.122,0.0076112,0.07161,0.04824,0.52701,0.031004,0.069111,0.16504,0.0021006,0.081288,0.19016,0.097177,0.12775,6.957e-05,0.52389,0.0084554,0.31659,0.2794,0.15646,0.065487,0.0036806,0.22856,0.070886,0.21141,0.016626,0.05499,0.00034978,0.059122,0.30057,0.018398,0.042051,0.28503,0.0069545,0.13179,0.11048,0.026677,0.0010063,0.12339,0.19109,0.0084107,0.39272,0.053447,0.024525,0.1404,0.071206,0.091933,0.009236,0.12305,0.16255,0.06182,0.00077425,0.061041,0.0573,0.13829,0.088855,0.27338,0.0083521,0.098605,0.2147,0.00012186,5.0574e-06,0.04532,0.1158,0.061874,0.031414,0.055038,0.031666,0.0018882,0.00097353,0.12098,0.28249,0.088812,0.14405,0.036022,0.061889,0.10705,0.10289,0.013834,0.26406,0.0057332,0.33224,0.088152,0.0018568,0.018094,0.13084,0,0.022702,0.089545,0.096409,0.035253,0.067184,0.0021916,0.018248,0.017666,0.11179,0.034881
0.19303,0.84015,0.32073,0.75493,0.71815,0.9801,0.6414,0.7807,0.89396,0.090862,0.83235,0.90435,0.8102,0.85275,0.037143,0.98122,0.33998,0.94653,0.93712,0.868,0.79202,0.23777,0.92388,0.7464,0.91965,0.33977,0.69611,0.070076,0.68937,0.95193,0.39337,0.70233,0.95236,0.30346,0.85982,0.82765,0.54454,0.20385,0.88341,0.89546,0.33,0.96431,0.76244,0.54341,0.88026,0.6914,0.82418,0.15703,0.84378,0.88449,0.7947,0.14814,0.72145,0.71906,0.863,0.78441,0.94291,0.32355,0.81147,0.94492,0.083575,0.057597,0.63078,0.8637,0.79001,0.59974,0.76804,0.53266,0.086597,0.16024,0.88307,0.94556,0.79612,0.8662,0.72362,0.7257,0.86743,0.81644,0.36369,0.93207,0.11321,0.9579,0.79969,0.14399,0.43334,0.84708,0.9773,0,0.79857,0.79274,0.61335,0.77971,0.16037,0.57737,0.44176,0.85392,0.60382
0.053913,0.58189,0.0949,0.4345,0.37688,0.92243,0.30517,0.45172,0.66095,0.02113,0.53007,0.69241,0.51089,0.58294,0.0025173,0.92657,0.099496,0.80898,0.77734,0.61752,0.46503,0.061443,0.73905,0.44184,0.73308,0.11764,0.36819,0.0075842,0.31557,0.81614,0.14047,0.35333,0.81512,0.094148,0.61648,0.56398,0.2303,0.036375,0.62784,0.67282,0.10632,0.86201,0.37176,0.2269,0.62524,0.41631,0.52474,0.04926,0.5747,0.64853,0.47417,0.023556,0.39752,0.41635,0.61755,0.49405,0.84951,0.10412,0.5176,0.69861,0.0095907,0.0044313,0.30221,0.59618,0.4622,0.25437,0.43099,0.25625,0.015556,0.028151,0.64728,0.80083,0.49013,0.60832,0.40021,0.40769,0.595,0.52088,0.13321,0.76227,0.029254,0.84007,0.49807,0.033136,0.15904,0.57951,0.91045,0.20143,0,0.46864,0.28319,0.4565,0.038713,0.25861,0.16304,0.5755,0.28363
0.051022,0.59225,0.091776,0.44838,0.39157,0.91443,0.31817,0.46782,0.67073,0.019938,0.54532,0.69974,0.52548,0.59551,0.0013269,0.91782,0.097649,0.80885,0.77985,0.62867,0.48097,0.055953,0.74435,0.4559,0.73822,0.11629,0.38154,0.0049286,0.34447,0.81603,0.14046,0.36744,0.81399,0.090928,0.63685,0.57461,0.23699,0.029312,0.63967,0.68208,0.10312,0.85803,0.38532,0.23432,0.6371,0.42459,0.54019,0.047744,0.5872,0.6587,0.49033,0.01799,0.41142,0.42876,0.64111,0.50629,0.83795,0.10117,0.5322,0.70548,0.0047192,0.001221,0.31246,0.60976,0.47847,0.26327,0.4477,0.26433,0.012635,0.020737,0.65673,0.80045,0.50434,0.6195,0.41388,0.42222,0.60753,0.53442,0.13587,0.76611,0.026464,0.83746,0.51168,0.030092,0.1611,0.59182,0.90359,0.20726,0.53133,0,0.29328,0.47236,0.034624,0.26662,0.16577,0.5892,0.2939
0.12314,0.77282,0.21527,0.70367,0.6141,0.96939,0.5308,0.68842,0.8395,0.052784,0.75437,0.85576,0.7292,0.7847,0.012254,0.97125,0.23109,0.91789,0.90335,0.80631,0.70204,0.14716,0.88361,0.65886,0.87849,0.24002,0.59385,0.029877,0.58339,0.92446,0.28539,0.5933,0.92507,0.20487,0.79355,0.7575,0.42891,0.11253,0.82275,0.84367,0.22802,0.94437,0.59386,0.40612,0.81922,0.60456,0.74461,0.10231,0.77478,0.88082,0.70706,0.077774,0.62336,0.62897,0.79744,0.70341,0.91193,0.22302,0.73256,0.85663,0.035117,0.020753,0.51855,0.79806,0.69919,0.45939,0.67189,0.43646,0.043044,0.086587,0.82639,0.91607,0.71123,0.80193,0.62499,0.63097,0.80095,0.73691,0.27023,0.89561,0.067113,0.93471,0.77291,0.083485,0.32134,0.77867,0.96474,0.38665,0.71681,0.70672,0,0.68837,0.094414,0.46305,0.32926,0.78336,0.49464
0.056419,0.62534,0.099939,0.47458,0.39495,0.94263,0.30243,0.49506,0.73921,0.021977,0.57783,0.73598,0.55513,0.62877,0.0020279,0.9461,0.10596,0.84453,0.81548,0.66158,0.51024,0.063061,0.78127,0.48257,0.77524,0.12416,0.40323,0.0065419,0.39319,0.88905,0.1509,0.38849,0.85252,0.099204,0.63987,0.60685,0.2527,0.034086,0.67684,0.71714,0.11305,0.89176,0.40739,0.24876,0.6725,0.44989,0.58441,0.051981,0.61964,0.69389,0.52042,0.021547,0.43463,0.45499,0.64589,0.53514,0.8299,0.111,0.56188,0.74052,0.0072363,0.00283,0.3319,0.67971,0.50705,0.27897,0.47384,0.28061,0.014271,0.024344,0.69162,0.8383,0.53327,0.65356,0.43751,0.44613,0.64295,0.56518,0.14533,0.8019,0.029962,0.87324,0.54156,0.034506,0.17317,0.62385,0.93282,0.22029,0.5435,0.52764,0.31163,0,0.039288,0.28247,0.17766,0.6482,0.31169
0.53994,0.97288,0.80345,0.9528,0.94453,0.99818,0.9051,0.96363,0.98505,0.23854,0.97345,0.98633,0.96756,0.97701,0.13704,0.99834,0.7549,0.99341,0.99205,0.97998,0.96561,0.70574,0.98991,0.93901,0.98909,0.78007,0.93191,0.26516,0.9393,0.99438,0.78404,0.94382,0.99451,0.73934,0.97858,0.9701,0.87501,0.66872,0.98334,0.98503,0.76645,0.9961,0.92191,0.87155,0.98279,0.92696,0.97164,0.38308,0.97336,0.98281,0.96342,0.55145,0.93964,0.93226,0.97941,0.95815,0.99308,0.7574,0.96582,0.98627,0.36323,0.26321,0.91889,0.979,0.96418,0.8775,0.95955,0.81324,0.31318,0.58597,0.9823,0.99342,0.96432,0.97971,0.94302,0.93431,0.9804,0.96971,0.66663,0.9912,0.35215,0.99522,0.96325,0.44564,0.80914,0.97485,0.99781,0.83963,0.96129,0.96538,0.90559,0.96071,0,0.89247,0.81199,0.9775,0.88412
0.13718,0.79109,0.24625,0.69061,0.64752,0.96929,0.56723,0.71736,0.8543,0.059718,0.77695,0.86774,0.75351,0.80429,0.012365,0.97066,0.26471,0.92321,0.90985,0.82304,0.72973,0.17056,0.89192,0.68551,0.88735,0.26966,0.62611,0.031329,0.61723,0.92885,0.31806,0.62897,0.92854,0.23276,0.8115,0.77717,0.4669,0.13545,0.83798,0.85657,0.25843,0.94641,0.62504,0.46551,0.83547,0.62986,0.76899,0.11518,0.79456,0.84277,0.73406,0.091947,0.65425,0.65603,0.81584,0.72714,0.91695,0.25198,0.75582,0.8681,0.038691,0.020769,0.55536,0.81666,0.72701,0.49558,0.70216,0.46521,0.046222,0.10114,0.90061,0.92063,0.73752,0.81979,0.70728,0.65988,0.81852,0.76026,0.29713,0.90291,0.072629,0.96774,0.74204,0.094803,0.35614,0.79806,0.98165,0.42263,0.74139,0.73338,0.53695,0.71753,0.10753,0,0.36443,0.80375,0.53027
0.22578,0.87123,0.37634,0.80012,0.76798,0.98443,0.69466,0.82524,0.91844,0.10464,0.86843,0.92584,0.84795,0.88438,0.043129,0.98526,0.39563,0.95878,0.95196,0.89705,0.83492,0.2827,0.94139,0.78831,0.93768,0.39135,0.7467,0.081137,0.74236,0.96305,0.44838,0.7566,0.96384,0.3568,0.89004,0.8609,0.60424,0.25569,0.90995,0.91922,0.38747,0.97263,0.74194,0.60277,0.90709,0.7349,0.86117,0.18074,0.92931,0.90979,0.83555,0.18579,0.76901,0.76279,0.89306,0.82318,0.95651,0.37874,0.84852,0.92558,0.10174,0.064808,0.68803,0.89332,0.83265,0.62884,0.81374,0.579,0.10317,0.1999,0.90894,0.9583,0.83637,0.89544,0.77211,0.77067,0.89676,0.85406,0.40954,0.94793,0.1315,0.96803,0.8385,0.16781,0.48669,0.9293,0.98233,0.55824,0.83696,0.83423,0.67074,0.82234,0.18801,0.63557,0,0.88491,0.65882
0.034218,0.51251,0.060721,0.35834,0.26153,0.90354,0.1867,0.37237,0.60747,0.013085,0.44939,0.62981,0.435,0.51095,0.00076584,0.90841,0.063148,0.76625,0.72766,0.54806,0.38498,0.036539,0.68304,0.36828,0.67618,0.081566,0.29608,0.0026541,0.28823,0.80766,0.098525,0.2756,0.77009,0.061377,0.52187,0.49322,0.17035,0.014963,0.55436,0.60946,0.070676,0.82837,0.29877,0.16662,0.55307,0.3523,0.43441,0.034381,0.50275,0.58198,0.39301,0.0089202,0.32317,0.34339,0.52913,0.42066,0.74254,0.068878,0.44258,0.63833,0.0025574,0.00057335,0.23569,0.53192,0.38076,0.19237,0.34996,0.19918,0.0084869,0.010986,0.57941,0.75449,0.41481,0.53801,0.32667,0.33401,0.5177,0.44542,0.094076,0.70972,0.019301,0.80175,0.42183,0.01955,0.11256,0.50767,0.88821,0.14608,0.4245,0.4108,0.21664,0.3518,0.022497,0.19625,0.11509,0,0.21742
0.14349,0.77208,0.2343,0.66197,0.6148,0.97005,0.53496,0.68741,0.83886,0.063881,0.75272,0.85464,0.72848,0.7835,0.024225,0.97165,0.24794,0.9555,0.90277,0.8055,0.70098,0.16963,0.88256,0.72624,0.87797,0.25874,0.5956,0.047891,0.58562,0.92437,0.30006,0.59443,0.92488,0.22582,0.79241,0.75766,0.43729,0.13428,0.8213,0.8423,0.2479,0.9445,0.59592,0.4354,0.81751,0.60952,0.74461,0.1181,0.77408,0.82767,0.70713,0.098831,0.62466,0.63161,0.79633,0.70388,0.91126,0.24222,0.73169,0.85596,0.056989,0.038748,0.52362,0.79727,0.6985,0.46576,0.67149,0.4448,0.06096,0.10771,0.8259,0.91541,0.71097,0.80095,0.62694,0.63197,0.79973,0.73641,0.28096,0.89485,0.081279,0.93486,0.71698,0.10356,0.33428,0.77779,0.96512,0.39618,0.71637,0.7061,0.50536,0.68831,0.11588,0.46973,0.34118,0.78258,0
