0,0.13409,0.6065,0.33792,0.3885,0.46985,0.24743,0.36611,0.16477,0.17496,0.50547,0.16799,0.48038,0.34891,0.2001,0.39144,0.26998,0.29784,0.3691,0.22125,0.24078,0.57058,0.35587,0.59194,0.12218,0.57942,0.32636,0.33691,0.39633,0.47327,0.71535,0.51224,0.18316,0.27577,0.30451,0.22834,0.82255,0.25844,0.46984,0.33865,0.47596,0.11656,0.52789,0.74251,0.10745,0.28097,0.076347,0.28852,0.49563,0.52932,0.31227,0.40776,0.28446,0.41935,0.68526,0.19677,0.44545,0.37923,0.22248,0.55395,0.12323,0.27715,0.12055,0.21892,0.18287,0.85635,0.38857,0.29941,0.21373,0.27015,0.34375,0.20536,0.60862,0.33964,0.5237,0.74278,0.32176,0.31221,0.52055,0.53614,0.56076,0.34682,0.26661,0.792,0.46918,0.17294,0.27793,0.42476,0.52812,0.72761,0.70173,0.020242,0.96608,0.55178,0.018988,0.53012,0.21619
0.86591,0,0.93918,0.62502,0.78878,0.90785,0.55527,0.73822,0.52885,0.32471,0.88867,0.53918,0.65737,0.71614,0.39649,0.87455,0.44994,0.79903,0.70034,0.51899,0.61372,0.91095,0.7915,0.89951,0.5192,0.85618,0.63245,0.72555,0.51584,0.83511,0.78275,0.84455,0.66617,0.74615,0.57264,0.70675,0.89078,0.72302,0.90515,0.71616,0.90163,0.46617,0.82476,0.89964,0.35937,0.75073,0.22078,0.51116,0.867,0.88205,0.73732,0.85891,0.61273,0.87315,0.92302,0.62024,0.66075,0.80771,0.53323,0.88523,0.42422,0.6939,0.25462,0.63079,0.63033,0.92959,0.80917,0.64316,0.38985,0.67285,0.76541,0.7422,0.87185,0.73272,0.74999,0.91362,0.81575,0.59782,0.73683,0.86856,0.84154,0.82254,0.60034,0.95414,0.64023,0.41406,0.82255,0.63353,0.85281,0.88854,0.89996,0.069891,0.99603,0.73841,0.032053,0.86262,0.40939
0.3935,0.060816,0,0.26536,0.28112,0.33629,0.17549,0.26938,0.087388,0.13996,0.39176,0.088677,0.42842,0.25491,0.15464,0.25021,0.22472,0.16446,0.28351,0.15335,0.1537,0.46573,0.23963,0.49669,0.045752,0.49478,0.24987,0.23763,0.36202,0.37081,0.69291,0.41589,0.075211,0.15689,0.23823,0.11358,0.79686,0.14369,0.33777,0.24251,0.34767,0.049441,0.44112,0.68363,0.058385,0.1616,0.048283,0.23319,0.38763,0.42289,0.20409,0.27884,0.20521,0.28741,0.60454,0.10159,0.38479,0.26298,0.15161,0.4542,0.06354,0.17495,0.091229,0.12398,0.083865,0.82553,0.27415,0.21537,0.17172,0.17258,0.23356,0.077221,0.52599,0.23884,0.45657,0.67896,0.18749,0.24145,0.45632,0.43768,0.47629,0.21638,0.18726,0.72727,0.41916,0.12017,0.13014,0.3667,0.43292,0.66859,0.63208,0.011698,0.94738,0.49437,0.015999,0.43216,0.17052
0.66208,0.37498,0.73464,0,0.58651,0.66081,0.43338,0.55854,0.39618,0.27887,0.67105,0.402,0.57817,0.54282,0.33137,0.61626,0.38418,0.55314,0.54511,0.40677,0.45863,0.70865,0.57365,0.71714,0.38176,0.70021,0.49866,0.54152,0.46882,0.64023,0.75252,0.66198,0.4621,0.5255,0.46224,0.49323,0.85564,0.51028,0.65984,0.53858,0.66137,0.35476,0.66422,0.80654,0.29295,0.52917,0.1945,0.42487,0.66028,0.68015,0.53616,0.61809,0.47365,0.62761,0.77399,0.44721,0.56313,0.58907,0.41443,0.69401,0.33315,0.50569,0.2203,0.45886,0.44723,0.88759,0.59355,0.49286,0.33078,0.4945,0.5593,0.49884,0.72014,0.5454,0.63763,0.80875,0.56834,0.47724,0.63114,0.68068,0.68626,0.58069,0.46149,0.84408,0.56497,0.33575,0.55372,0.54143,0.67233,0.79496,0.78066,0.072992,0.97087,0.64798,0.029627,0.67601,0.34354
0.6115,0.21122,0.71888,0.41349,0,0.60476,0.32347,0.46709,0.24582,0.21142,0.62443,0.25085,0.52935,0.44714,0.24795,0.53052,0.31591,0.42814,0.4585,0.29325,0.33171,0.68101,0.47476,0.69112,0.2026,0.6649,0.40643,0.44018,0.42835,0.58035,0.73447,0.61247,0.29079,0.39456,0.37365,0.34238,0.84309,0.37342,0.6038,0.43896,0.60724,0.188,0.61667,0.79304,0.1607,0.4003,0.10725,0.34555,0.60783,0.6383,0.42329,0.53833,0.36784,0.55257,0.76538,0.29411,0.50468,0.4986,0.29755,0.65829,0.18719,0.38233,0.15182,0.31652,0.28318,0.87967,0.50653,0.3878,0.25733,0.37106,0.45715,0.3288,0.6914,0.44443,0.5887,0.79911,0.45364,0.38619,0.5823,0.63889,0.64622,0.47682,0.35018,0.84999,0.51627,0.22942,0.41706,0.4817,0.62706,0.77871,0.76615,0.030037,0.97871,0.6052,0.022071,0.63221,0.26384
0.53015,0.092155,0.66371,0.33919,0.39524,0,0.23811,0.36921,0.13111,0.17171,0.54132,0.13339,0.48637,0.34933,0.19534,0.39094,0.26943,0.26076,0.3732,0.20961,0.22189,0.61622,0.35265,0.63163,0.068269,0.60594,0.32607,0.33396,0.39871,0.49559,0.71832,0.53839,0.11544,0.24306,0.30344,0.17755,0.82754,0.22238,0.50046,0.33679,0.50866,0.074499,0.55003,0.76048,0.084948,0.24998,0.066113,0.28772,0.52568,0.56348,0.3,0.41783,0.27808,0.43306,0.72321,0.1556,0.452,0.38262,0.2095,0.59027,0.094207,0.25816,0.11545,0.18699,0.12954,0.86383,0.39486,0.29393,0.21092,0.25219,0.33917,0.1158,0.63696,0.33685,0.5354,0.76537,0.29546,0.31121,0.53109,0.56799,0.58496,0.33401,0.25731,0.82384,0.47445,0.16171,0.20871,0.4302,0.55611,0.74484,0.72659,0.016081,0.97518,0.5611,0.018627,0.5604,0.21259
0.75257,0.44473,0.82451,0.56662,0.67653,0.76189,0,0.64242,0.46749,0.31244,0.76525,0.47457,0.62376,0.62492,0.37507,0.71943,0.4264,0.65243,0.62165,0.47057,0.53578,0.79862,0.66743,0.8009,0.45515,0.77509,0.56848,0.62662,0.49885,0.7282,0.77076,0.74615,0.55092,0.61912,0.52382,0.58468,0.87548,0.60194,0.76063,0.62192,0.7611,0.42109,0.74115,0.85462,0.34308,0.62306,0.22379,0.47664,0.75159,0.77006,0.6256,0.71768,0.54566,0.72833,0.84559,0.52909,0.61743,0.68319,0.48034,0.78066,0.39231,0.59173,0.24918,0.54056,0.53146,0.91044,0.68698,0.56832,0.37079,0.57799,0.65015,0.59586,0.79325,0.6314,0.69691,0.86199,0.66832,0.54254,0.68774,0.76635,0.76107,0.67984,0.53357,0.89945,0.60885,0.38697,0.65705,0.59364,0.75573,0.84344,0.84032,0.082064,0.98482,0.69762,0.032421,0.76134,0.38712
0.63389,0.26178,0.73062,0.44146,0.53291,0.63079,0.35758,0,0.29279,0.22936,0.64618,0.29843,0.54507,0.48084,0.27109,0.56683,0.33536,0.47644,0.48847,0.32767,0.37325,0.69649,0.51243,0.70478,0.25925,0.68108,0.43651,0.47626,0.44012,0.60507,0.74023,0.63366,0.351,0.44267,0.40118,0.39648,0.84789,0.4228,0.62987,0.47409,0.6323,0.23834,0.63634,0.80092,0.19699,0.44782,0.12863,0.36905,0.6315,0.65803,0.46411,0.57154,0.40204,0.58455,0.77385,0.34537,0.52382,0.53373,0.3334,0.67585,0.22945,0.42537,0.16924,0.3642,0.33883,0.88374,0.54047,0.42258,0.27759,0.41335,0.49501,0.39255,0.70561,0.48062,0.60634,0.80643,0.49863,0.41506,0.59958,0.65862,0.66364,0.51784,0.3859,0.85319,0.53173,0.25942,0.47149,0.50079,0.64698,0.7873,0.77531,0.038705,0.97788,0.62013,0.023799,0.65194,0.28609
0.83523,0.47115,0.91261,0.60382,0.75418,0.86889,0.53251,0.70721,0,0.31621,0.85618,0.50935,0.64547,0.68584,0.38444,0.82916,0.43876,0.75014,0.67415,0.49753,0.58323,0.88326,0.75234,0.875,0.48579,0.83455,0.60933,0.69262,0.50853,0.80488,0.77849,0.81746,0.61901,0.70185,0.55356,0.6609,0.88619,0.67953,0.86659,0.68464,0.86424,0.43977,0.80132,0.88823,0.34417,0.70654,0.21419,0.49638,0.83572,0.85272,0.69997,0.81786,0.58744,0.83184,0.90501,0.58286,0.64576,0.7695,0.51035,0.85828,0.40372,0.65745,0.2476,0.59513,0.58913,0.92452,0.7721,0.616,0.37921,0.63835,0.72814,0.68604,0.85144,0.69922,0.73355,0.90109,0.76817,0.57691,0.72132,0.84145,0.81958,0.7778,0.57453,0.94258,0.62887,0.39856,0.76644,0.61923,0.82649,0.87685,0.8852,0.069108,0.99427,0.72538,0.031496,0.83549,0.39745
0.82504,0.67529,0.86004,0.72113,0.78858,0.82829,0.68756,0.77064,0.68379,0,0.83061,0.6882,0.73765,0.7614,0.57433,0.80896,0.59681,0.77971,0.7572,0.66949,0.71676,0.84716,0.78502,0.84972,0.68592,0.83857,0.72504,0.76351,0.61546,0.81342,0.82257,0.82255,0.73474,0.76388,0.69224,0.7489,0.90831,0.75583,0.82768,0.76049,0.82798,0.66287,0.82051,0.88915,0.59705,0.76563,0.46671,0.64981,0.82448,0.83351,0.76486,0.80821,0.71564,0.81296,0.87549,0.71977,0.74112,0.79227,0.67794,0.8392,0.63649,0.74817,0.45042,0.72364,0.72337,0.93203,0.79393,0.72974,0.55785,0.74047,0.77645,0.75661,0.84841,0.76612,0.79384,0.89121,0.78656,0.70686,0.78734,0.83239,0.83121,0.79141,0.71006,0.90947,0.72529,0.60648,0.7825,0.72378,0.82743,0.88266,0.8771,0.27803,0.98013,0.79105,0.069445,0.82997,0.57936
0.49453,0.11133,0.60824,0.32895,0.37557,0.45868,0.23475,0.35382,0.14382,0.16939,0,0.14655,0.47676,0.33618,0.19258,0.37145,0.26429,0.26991,0.35905,0.20822,0.22292,0.57001,0.33864,0.59218,0.095792,0.57801,0.31617,0.32227,0.39344,0.46638,0.71425,0.50786,0.15037,0.25032,0.29558,0.19895,0.82203,0.23258,0.45906,0.32485,0.46643,0.094472,0.52435,0.7433,0.093346,0.25595,0.068997,0.28132,0.48988,0.52446,0.29355,0.39222,0.27172,0.40429,0.68867,0.17173,0.44069,0.36385,0.20861,0.55223,0.10579,0.25733,0.11482,0.19635,0.15437,0.85647,0.37431,0.28627,0.20747,0.25119,0.32702,0.16639,0.60836,0.32482,0.52015,0.74458,0.29633,0.3026,0.51702,0.53307,0.55851,0.32511,0.25282,0.79692,0.46559,0.1621,0.2422,0.41995,0.52462,0.72802,0.70318,0.017577,0.96835,0.54886,0.01849,0.52665,0.20911
0.83201,0.46082,0.91132,0.598,0.74915,0.86661,0.52543,0.70157,0.49065,0.3118,0.85345,0,0.64181,0.6799,0.37895,0.82573,0.43411,0.74436,0.66848,0.49021,0.57552,0.88118,0.74704,0.87268,0.47454,0.83153,0.60324,0.68654,0.50564,0.80103,0.77705,0.81395,0.60965,0.69506,0.54763,0.65288,0.88502,0.67224,0.86419,0.67854,0.86181,0.42905,0.7977,0.88642,0.33559,0.69986,0.20866,0.49101,0.8325,0.8499,0.69328,0.81412,0.58066,0.82851,0.90333,0.57389,0.64148,0.76463,0.50287,0.85559,0.39431,0.65032,0.24322,0.58673,0.57967,0.92351,0.76722,0.60933,0.37434,0.63105,0.72241,0.67787,0.84874,0.69321,0.72973,0.8994,0.76295,0.57087,0.71753,0.83841,0.8163,0.77293,0.56745,0.94162,0.62524,0.39168,0.76091,0.61489,0.82317,0.87488,0.8832,0.066574,0.99421,0.72203,0.031032,0.83233,0.39217
0.51962,0.34263,0.57158,0.42183,0.47065,0.51363,0.37624,0.45493,0.35453,0.26235,0.52324,0.35819,0,0.44525,0.30418,0.48416,0.34346,0.44692,0.449,0.3589,0.39221,0.55113,0.46101,0.56145,0.34805,0.55838,0.41971,0.44341,0.42447,0.50676,0.71101,0.52395,0.39487,0.43145,0.39673,0.41261,0.79747,0.42261,0.51298,0.44207,0.51428,0.33061,0.53137,0.67622,0.28655,0.43361,0.20795,0.37219,0.51793,0.53194,0.43881,0.48664,0.40224,0.49214,0.61313,0.38573,0.47774,0.47067,0.36405,0.54347,0.31459,0.42056,0.21837,0.39246,0.38606,0.80999,0.47371,0.41426,0.30277,0.41397,0.45295,0.41562,0.57421,0.44563,0.53032,0.66668,0.45587,0.40624,0.5285,0.53528,0.54875,0.46362,0.39427,0.68728,0.49118,0.3104,0.44637,0.46256,0.53146,0.66725,0.63524,0.10181,0.90944,0.55149,0.03208,0.53247,0.31277
0.65109,0.28386,0.74509,0.45718,0.55286,0.65067,0.37508,0.51916,0.31416,0.2386,0.66382,0.3201,0.55475,0,0.28296,0.58954,0.34593,0.50144,0.50593,0.34493,0.39394,0.71178,0.53415,0.71961,0.28318,0.69431,0.45321,0.49645,0.44698,0.6225,0.74391,0.64959,0.37749,0.46694,0.41623,0.4219,0.85141,0.44712,0.64949,0.49378,0.65169,0.26,0.65088,0.80837,0.21328,0.47196,0.1385,0.38189,0.64897,0.67444,0.48603,0.59292,0.42016,0.60581,0.78447,0.36893,0.5355,0.55484,0.35132,0.69115,0.24828,0.44749,0.17785,0.38696,0.3639,0.88731,0.56108,0.44126,0.28821,0.43497,0.51638,0.4207,0.71803,0.50094,0.6181,0.81436,0.52296,0.43091,0.61091,0.6737,0.67722,0.54108,0.40446,0.86019,0.54111,0.2741,0.49835,0.51223,0.66245,0.79503,0.78455,0.042626,0.97902,0.62994,0.024671,0.66732,0.29768
0.7999,0.60351,0.84536,0.66863,0.75205,0.80466,0.62493,0.72891,0.61556,0.42567,0.80742,0.62105,0.69582,0.71704,0,0.7791,0.53202,0.73984,0.71239,0.60269,0.65896,0.82886,0.74721,0.83166,0.61582,0.81644,0.67256,0.71942,0.56863,0.7846,0.80208,0.79634,0.67952,0.71887,0.63404,0.69874,0.89628,0.70821,0.80387,0.71569,0.80421,0.58746,0.7934,0.87701,0.51146,0.72121,0.37283,0.58718,0.79921,0.81097,0.72069,0.77802,0.65958,0.78438,0.86368,0.66096,0.6971,0.75682,0.61229,0.81821,0.55708,0.69886,0.36931,0.66654,0.66504,0.92453,0.75904,0.67694,0.48621,0.68905,0.73599,0.70839,0.82888,0.72276,0.76017,0.88061,0.74905,0.65092,0.75247,0.80922,0.80699,0.75558,0.65212,0.9046,0.68212,0.52918,0.74348,0.67694,0.80265,0.86893,0.86389,0.18888,0.98136,0.75777,0.050932,0.80605,0.5073
0.60856,0.12545,0.74979,0.38374,0.46948,0.60906,0.28057,0.43317,0.17084,0.19104,0.62855,0.17427,0.51584,0.41046,0.2209,0,0.29513,0.34907,0.4281,0.24875,0.2734,0.69677,0.43296,0.70131,0.098158,0.66303,0.37331,0.39887,0.41731,0.56891,0.72997,0.60607,0.16649,0.31795,0.3432,0.24271,0.84052,0.29234,0.6076,0.39929,0.61147,0.10285,0.60845,0.79424,0.1082,0.32587,0.079767,0.31998,0.6056,0.64183,0.37049,0.51496,0.32645,0.53472,0.77886,0.2068,0.48776,0.46454,0.25043,0.66364,0.12253,0.32194,0.13116,0.24102,0.17922,0.87911,0.47549,0.34611,0.23455,0.31227,0.4134,0.17509,0.69257,0.40314,0.576,0.8035,0.38818,0.3542,0.56939,0.63892,0.64151,0.4265,0.30512,0.86444,0.50272,0.19089,0.30126,0.46418,0.62322,0.77878,0.77003,0.019698,0.9843,0.59405,0.020178,0.63055,0.2384
0.73002,0.55006,0.77528,0.61582,0.68409,0.73057,0.5736,0.66464,0.56124,0.40319,0.73571,0.56589,0.65654,0.65407,0.46798,0.70487,0,0.66838,0.65242,0.55386,0.60047,0.75841,0.67779,0.76383,0.5596,0.7536,0.61773,0.65491,0.54489,0.71638,0.78548,0.72946,0.61422,0.65046,0.58553,0.63184,0.87598,0.64099,0.72985,0.65216,0.73054,0.53615,0.73026,0.82993,0.47286,0.65262,0.35494,0.54666,0.72901,0.741,0.65411,0.70517,0.60397,0.71088,0.80111,0.59975,0.65126,0.6869,0.56173,0.74942,0.51127,0.63459,0.35208,0.60539,0.60239,0.89964,0.68935,0.61884,0.45723,0.62636,0.66824,0.6387,0.7666,0.6577,0.70884,0.82934,0.67702,0.59952,0.70324,0.74125,0.74451,0.68367,0.59673,0.85094,0.64456,0.49072,0.6703,0.63324,0.7359,0.82191,0.80867,0.19244,0.96446,0.71352,0.051617,0.73829,0.47516
0.70216,0.20097,0.83554,0.44686,0.57186,0.73924,0.34757,0.52356,0.24986,0.22029,0.73009,0.25564,0.55308,0.49856,0.26016,0.65093,0.33162,0,0.50477,0.31237,0.35974,0.78339,0.54984,0.77657,0.17807,0.72794,0.44153,0.49436,0.44154,0.65961,0.74386,0.68744,0.28994,0.44717,0.40077,0.37147,0.85488,0.417,0.73558,0.49071,0.73369,0.17114,0.67849,0.82902,0.15544,0.45519,0.10531,0.36623,0.70128,0.73195,0.47986,0.64486,0.40013,0.66778,0.83425,0.30812,0.53381,0.57941,0.31755,0.74609,0.18155,0.42596,0.15649,0.33984,0.28792,0.8948,0.58715,0.4249,0.26966,0.41041,0.52293,0.33374,0.7541,0.50047,0.62572,0.84174,0.53695,0.41644,0.61657,0.7211,0.70724,0.5656,0.38002,0.90052,0.53848,0.23944,0.48649,0.50844,0.7023,0.81424,0.81488,0.027174,0.99011,0.63423,0.022559,0.71255,0.27719
0.6309,0.29966,0.71649,0.45489,0.5415,0.6268,0.37835,0.51153,0.32585,0.2428,0.64095,0.33152,0.551,0.49407,0.28761,0.5719,0.34758,0.49523,0,0.34995,0.39751,0.68627,0.52413,0.69643,0.30165,0.67697,0.45111,0.49068,0.44634,0.60558,0.74213,0.63188,0.38748,0.46476,0.41618,0.4256,0.84794,0.44727,0.62582,0.48834,0.62802,0.27781,0.63562,0.79582,0.2279,0.46916,0.14877,0.38298,0.62864,0.65241,0.48126,0.57563,0.4205,0.58681,0.76205,0.37738,0.53101,0.54265,0.35651,0.66903,0.26331,0.44669,0.18377,0.3926,0.37401,0.88189,0.54837,0.44015,0.29174,0.43522,0.50842,0.42661,0.69986,0.49474,0.60974,0.79909,0.5139,0.43014,0.60344,0.65346,0.66102,0.52975,0.40611,0.84051,0.53789,0.28177,0.49294,0.50874,0.64401,0.78299,0.7681,0.048823,0.97291,0.62354,0.02537,0.64807,0.30152
0.77875,0.48101,0.84665,0.59323,0.70675,0.79039,0.52943,0.67233,0.50247,0.33051,0.79178,0.50979,0.6411,0.65507,0.39731,0.75125,0.44614,0.68763,0.65005,0,0.56889,0.82215,0.6995,0.82293,0.49337,0.79641,0.59638,0.65785,0.51187,0.75502,0.77763,0.77105,0.58955,0.65441,0.54987,0.6216,0.8818,0.63766,0.78911,0.6527,0.78927,0.45732,0.76443,0.86732,0.37317,0.65817,0.24415,0.49971,0.77804,0.79516,0.65863,0.74848,0.57557,0.75881,0.86294,0.56545,0.63791,0.7144,0.51073,0.80442,0.42534,0.62549,0.26646,0.57578,0.56909,0.91673,0.71774,0.59866,0.39088,0.61146,0.6822,0.63481,0.81336,0.6627,0.71694,0.87533,0.70261,0.56956,0.70725,0.79063,0.78298,0.71302,0.56418,0.9114,0.62586,0.41373,0.69354,0.61393,0.77999,0.85659,0.85577,0.091786,0.98706,0.71486,0.034351,0.78577,0.40878
0.75922,0.38628,0.8463,0.54137,0.66829,0.77811,0.46422,0.62675,0.41677,0.28324,0.77708,0.42448,0.60779,0.60606,0.34104,0.7266,0.39953,0.64026,0.60249,0.43111,0,0.8143,0.6582,0.81262,0.39273,0.77753,0.54254,0.60797,0.48293,0.72891,0.76429,0.74824,0.50858,0.59777,0.49494,0.55334,0.87212,0.57613,0.77622,0.60244,0.77607,0.35809,0.73937,0.85652,0.28624,0.60278,0.1815,0.44775,0.75852,0.7798,0.60651,0.72228,0.51511,0.73615,0.85783,0.4867,0.59972,0.67755,0.44096,0.7904,0.33431,0.56521,0.21783,0.50233,0.48685,0.90974,0.68192,0.54048,0.34054,0.54906,0.63659,0.5646,0.79766,0.61374,0.6858,0.86702,0.66072,0.51452,0.67562,0.77284,0.76139,0.67505,0.50068,0.91139,0.5924,0.34457,0.64667,0.5745,0.75913,0.8442,0.8453,0.057987,0.98909,0.68603,0.028639,0.76669,0.35492
0.42942,0.089055,0.53427,0.29135,0.31899,0.38378,0.20138,0.30351,0.11674,0.15284,0.42999,0.11882,0.44887,0.28822,0.17114,0.30323,0.24159,0.21661,0.31373,0.17785,0.1857,0,0.28185,0.52841,0.075672,0.52466,0.27709,0.27313,0.37572,0.40586,0.70244,0.44879,0.11855,0.20256,0.26209,0.1588,0.80825,0.18787,0.38443,0.27674,0.39241,0.075302,0.47154,0.70817,0.076613,0.20732,0.05847,0.25342,0.42415,0.45797,0.24375,0.32539,0.23358,0.33508,0.63288,0.13829,0.40776,0.30468,0.17723,0.4875,0.086,0.21276,0.1019,0.15995,0.12282,0.83959,0.31488,0.24542,0.18714,0.2091,0.27343,0.13011,0.55536,0.27491,0.482,0.70478,0.23928,0.26674,0.48099,0.47089,0.50609,0.26546,0.21578,0.75252,0.43888,0.13924,0.1908,0.38874,0.46547,0.69305,0.65903,0.01478,0.95638,0.51708,0.017134,0.46529,0.18721
0.64413,0.2085,0.76037,0.42635,0.52524,0.64735,0.33257,0.48757,0.24766,0.21498,0.66136,0.25296,0.53899,0.46585,0.25279,0.56704,0.32221,0.45016,0.47587,0.3005,0.3418,0.71815,0,0.72331,0.19602,0.68937,0.41979,0.45948,0.43376,0.60917,0.73835,0.64043,0.29217,0.4116,0.38418,0.35217,0.84799,0.38774,0.64592,0.4576,0.64853,0.1831,0.64028,0.80779,0.15903,0.41807,0.10657,0.35373,0.64178,0.67224,0.44262,0.57272,0.37991,0.58943,0.79254,0.29931,0.51635,0.52596,0.30508,0.6908,0.18555,0.3974,0.1537,0.32478,0.28567,0.88599,0.53408,0.40153,0.26225,0.38485,0.4797,0.33299,0.71588,0.4643,0.60347,0.8165,0.47924,0.39784,0.596,0.66941,0.66986,0.50477,0.36125,0.87076,0.52529,0.23334,0.43733,0.49242,0.65529,0.79324,0.7858,0.0289,0.9838,0.61689,0.022268,0.66207,0.26911
0.40806,0.10049,0.50331,0.28286,0.30888,0.36837,0.1991,0.29522,0.125,0.15028,0.40782,0.12732,0.43855,0.28039,0.16834,0.29869,0.23617,0.22343,0.30357,0.17707,0.18738,0.47159,0.27669,0,0.090677,0.50104,0.26951,0.26715,0.36974,0.3872,0.69757,0.42726,0.13543,0.20846,0.25529,0.17051,0.80168,0.19505,0.36838,0.27013,0.37491,0.087152,0.45065,0.68927,0.08247,0.21264,0.060605,0.24713,0.4031,0.43383,0.24213,0.31611,0.22939,0.32486,0.60259,0.14815,0.39628,0.29676,0.17698,0.46162,0.093695,0.214,0.10112,0.16657,0.13626,0.83078,0.30561,0.2407,0.18353,0.20944,0.26859,0.15076,0.53043,0.26888,0.46681,0.68251,0.24278,0.25981,0.4666,0.44744,0.48379,0.26444,0.21317,0.72449,0.42916,0.13938,0.20513,0.37823,0.44272,0.67472,0.63529,0.015958,0.94715,0.50407,0.016939,0.44198,0.18366
0.87782,0.4808,0.95425,0.61824,0.7974,0.93173,0.54485,0.74075,0.51421,0.31408,0.90421,0.52546,0.65195,0.71682,0.38418,0.90184,0.4404,0.82193,0.69835,0.50663,0.60727,0.92433,0.80398,0.90932,0,0.8608,0.62619,0.72824,0.51015,0.84415,0.78043,0.85202,0.67234,0.7588,0.56373,0.71644,0.88957,0.73268,0.92835,0.71745,0.92319,0.4427,0.82854,0.90092,0.3367,0.76375,0.20447,0.50126,0.8795,0.89425,0.74392,0.87972,0.60562,0.89571,0.92978,0.61583,0.65518,0.82084,0.52133,0.89578,0.40216,0.6961,0.24305,0.627,0.62842,0.92933,0.82157,0.63814,0.37891,0.67234,0.77409,0.76731,0.87671,0.73629,0.74733,0.91619,0.83901,0.58984,0.73352,0.87788,0.84545,0.84341,0.59249,0.95865,0.63458,0.39873,0.85747,0.62702,0.86033,0.88945,0.90307,0.061287,0.99688,0.73485,0.030748,0.87148,0.39781
0.42058,0.14382,0.50522,0.29979,0.3351,0.39406,0.22491,0.31892,0.16545,0.16143,0.42199,0.16847,0.44162,0.30569,0.18356,0.33697,0.2464,0.27206,0.32303,0.20359,0.22247,0.47534,0.31063,0.49896,0.1392,0,0.28929,0.29619,0.37307,0.40155,0.69724,0.43537,0.19087,0.25435,0.27239,0.22159,0.79901,0.2416,0.39364,0.29759,0.39781,0.12974,0.45495,0.67894,0.1121,0.25797,0.077131,0.26058,0.41658,0.44261,0.27834,0.34796,0.25495,0.35624,0.59045,0.19413,0.40194,0.32768,0.20514,0.46585,0.12894,0.25206,0.1131,0.20901,0.18678,0.82529,0.33461,0.26701,0.19576,0.24613,0.30156,0.21207,0.52641,0.29831,0.46895,0.66986,0.28834,0.27823,0.46876,0.45292,0.48455,0.30508,0.24084,0.70507,0.43245,0.16203,0.26196,0.38448,0.44877,0.66545,0.62428,0.022631,0.93714,0.50457,0.017993,0.44846,0.19764
0.67364,0.36755,0.75013,0.50134,0.59357,0.67393,0.43152,0.56349,0.39067,0.27496,0.68383,0.39676,0.58029,0.54679,0.32744,0.62669,0.38227,0.55847,0.54889,0.40362,0.45746,0.72291,0.58021,0.73049,0.37381,0.71071,0,0.54555,0.46866,0.65012,0.75353,0.67244,0.45985,0.52856,0.46202,0.49364,0.85798,0.51215,0.67289,0.54237,0.67435,0.34599,0.67345,0.81479,0.28374,0.53252,0.1863,0.42358,0.6719,0.69267,0.53998,0.62823,0.47371,0.63854,0.78733,0.44452,0.56574,0.59667,0.41144,0.70665,0.32473,0.50739,0.21508,0.45724,0.44413,0.89135,0.60138,0.49392,0.3275,0.49548,0.56472,0.49932,0.73117,0.54971,0.64288,0.81859,0.57492,0.4776,0.63581,0.6924,0.69608,0.58816,0.46085,0.85638,0.56671,0.33035,0.55919,0.54334,0.68318,0.8029,0.79108,0.066874,0.97501,0.65203,0.028849,0.68739,0.34015
0.66309,0.27445,0.76237,0.45848,0.55982,0.66604,0.37338,0.52374,0.30738,0.23649,0.67773,0.31346,0.55659,0.50355,0.28058,0.60113,0.34509,0.50564,0.50932,0.34215,0.39203,0.72687,0.54052,0.73285,0.27176,0.70381,0.45445,0,0.44727,0.63245,0.74476,0.65976,0.37105,0.46851,0.4163,0.41966,0.85306,0.44722,0.66474,0.49713,0.66673,0.24942,0.65928,0.81467,0.20526,0.47392,0.13325,0.38134,0.66107,0.68746,0.48913,0.60403,0.42009,0.61803,0.79661,0.36406,0.53777,0.56251,0.34852,0.70398,0.23977,0.44817,0.17487,0.38372,0.35764,0.88991,0.56901,0.44202,0.28642,0.43501,0.5214,0.41663,0.72789,0.50478,0.62239,0.82209,0.529,0.43139,0.61468,0.68535,0.68608,0.54848,0.40366,0.8703,0.54269,0.27007,0.50201,0.514,0.67295,0.80097,0.79312,0.039657,0.98192,0.6332,0.024343,0.6789,0.29573
0.60367,0.48416,0.63798,0.53118,0.57165,0.60129,0.50115,0.55988,0.49147,0.38454,0.60656,0.49436,0.57553,0.55302,0.43137,0.58269,0.45511,0.55846,0.55366,0.48813,0.51707,0.62428,0.56624,0.63026,0.48985,0.62693,0.53134,0.55273,0,0.59489,0.73712,0.60552,0.52371,0.54747,0.51118,0.5352,0.8066,0.54142,0.60083,0.55133,0.60151,0.47544,0.60911,0.70541,0.43532,0.54889,0.35464,0.4865,0.6027,0.61165,0.551,0.58374,0.52091,0.5874,0.66339,0.51541,0.564,0.57248,0.49303,0.61876,0.46006,0.53839,0.34823,0.51934,0.51668,0.81061,0.57435,0.53032,0.42387,0.53335,0.56041,0.53864,0.63727,0.55442,0.60398,0.69862,0.56423,0.51991,0.60183,0.61324,0.62041,0.56899,0.51581,0.71347,0.56771,0.44676,0.55891,0.55168,0.61038,0.69924,0.67724,0.2337,0.89998,0.61612,0.065746,0.61133,0.43647
0.52673,0.16489,0.62919,0.35977,0.41965,0.50441,0.2718,0.39493,0.19512,0.18658,0.53362,0.19897,0.49324,0.3775,0.2154,0.43109,0.28362,0.34039,0.39442,0.24498,0.27109,0.59414,0.39083,0.6128,0.15585,0.59845,0.34988,0.36755,0.40511,0,0.72016,0.53611,0.22488,0.31524,0.32505,0.26918,0.82725,0.2975,0.50363,0.36827,0.5086,0.14599,0.54891,0.75261,0.1283,0.32031,0.088133,0.30547,0.52287,0.55336,0.34669,0.44358,0.31027,0.45548,0.70014,0.23241,0.46109,0.41321,0.24736,0.57612,0.14828,0.31121,0.13114,0.25318,0.22101,0.86117,0.42165,0.3265,0.22731,0.3029,0.37747,0.25275,0.62642,0.37068,0.53978,0.75351,0.3633,0.33412,0.53596,0.55969,0.58023,0.38605,0.29308,0.80116,0.48156,0.19221,0.32572,0.44006,0.55122,0.73809,0.71445,0.024363,0.96726,0.56501,0.020013,0.55372,0.23112
0.28465,0.21725,0.30709,0.24748,0.26553,0.28168,0.22924,0.25977,0.22151,0.17743,0.28575,0.22295,0.28899,0.25609,0.19792,0.27003,0.21452,0.25614,0.25787,0.22237,0.23571,0.29756,0.26165,0.30243,0.21957,0.30276,0.24647,0.25524,0.26288,0.27984,0,0.28712,0.23701,0.25049,0.23735,0.24351,0.52488,0.24721,0.28135,0.2548,0.28176,0.21272,0.29122,0.36831,0.1943,0.25129,0.15785,0.22718,0.28391,0.28961,0.25335,0.27114,0.23947,0.27317,0.32705,0.23347,0.27396,0.26528,0.22451,0.29462,0.20596,0.24648,0.15803,0.23593,0.23368,0.49709,0.26653,0.24416,0.1964,0.244,0.25869,0.24462,0.30974,0.25605,0.29578,0.35893,0.25947,0.24116,0.29617,0.29145,0.29878,0.26242,0.23638,0.37013,0.28583,0.20241,0.25584,0.26766,0.29024,0.36415,0.34102,0.10333,0.62914,0.31093,0.031807,0.29055,0.20137
0.48776,0.15545,0.58411,0.33802,0.38753,0.46161,0.25385,0.36634,0.18254,0.17745,0.49214,0.18605,0.47605,0.35041,0.20366,0.39393,0.27054,0.31256,0.36812,0.22895,0.25176,0.55121,0.35957,0.57274,0.14798,0.56463,0.32756,0.34024,0.39448,0.46389,0.71288,0,0.21014,0.2905,0.30588,0.24932,0.81854,0.27466,0.46129,0.34134,0.46626,0.1384,0.51609,0.72939,0.12117,0.29505,0.083476,0.28941,0.48372,0.51308,0.31983,0.40645,0.28929,0.41654,0.66343,0.21634,0.44098,0.38016,0.23091,0.53733,0.13976,0.28764,0.12434,0.23505,0.20634,0.85029,0.38822,0.3039,0.21593,0.28041,0.348,0.23529,0.59242,0.34293,0.51594,0.72695,0.33309,0.31365,0.51344,0.52146,0.54721,0.35384,0.27301,0.77072,0.46523,0.18046,0.29925,0.42112,0.51472,0.71483,0.68521,0.023431,0.95861,0.54509,0.01928,0.51605,0.21893
0.81684,0.33383,0.92479,0.5379,0.70921,0.88456,0.44908,0.649,0.38099,0.26526,0.84963,0.39035,0.60513,0.62251,0.32048,0.83351,0.38578,0.71006,0.61252,0.41045,0.49142,0.88145,0.70783,0.86457,0.32766,0.80913,0.54015,0.62895,0.47629,0.77512,0.76299,0.78986,0,0.63517,0.48537,0.57155,0.87381,0.60274,0.87954,0.61988,0.87251,0.29524,0.76825,0.87183,0.23706,0.64217,0.14869,0.43461,0.81823,0.83976,0.6352,0.80601,0.50918,0.82862,0.89724,0.47154,0.5983,0.73155,0.42107,0.84449,0.28349,0.57898,0.19666,0.4943,0.46904,0.91454,0.73449,0.53992,0.32296,0.55604,0.67411,0.5991,0.82979,0.6371,0.69294,0.88746,0.73756,0.50755,0.68056,0.82166,0.79061,0.74938,0.49205,0.93945,0.58878,0.31622,0.74675,0.57092,0.80119,0.85854,0.86903,0.04065,0.99513,0.68879,0.026297,0.81369,0.33622
0.72423,0.25385,0.84311,0.4745,0.60544,0.75694,0.38088,0.55733,0.29815,0.23612,0.74968,0.30494,0.56855,0.53306,0.28113,0.68205,0.34954,0.55283,0.53524,0.34559,0.40223,0.79744,0.5884,0.79154,0.2412,0.74565,0.47144,0.53149,0.45253,0.68476,0.74951,0.7095,0.36483,0,0.42746,0.43434,0.86001,0.4717,0.75392,0.52677,0.75207,0.22298,0.69933,0.83856,0.18856,0.50713,0.12303,0.38843,0.72353,0.75119,0.52253,0.67537,0.43417,0.69555,0.84454,0.36429,0.55281,0.61483,0.35247,0.76382,0.22221,0.47125,0.17139,0.39074,0.35227,0.8996,0.62128,0.45993,0.28796,0.45454,0.56204,0.42259,0.77,0.53777,0.64405,0.85108,0.58403,0.44475,0.63426,0.74085,0.72614,0.60695,0.41561,0.90608,0.55361,0.26703,0.55188,0.5272,0.72319,0.82441,0.82621,0.033342,0.99031,0.64955,0.023954,0.73294,0.29744
0.69549,0.42736,0.76177,0.53776,0.62635,0.69656,0.47618,0.59882,0.44644,0.30776,0.70442,0.45237,0.60327,0.58377,0.36596,0.6568,0.41447,0.59923,0.58382,0.45013,0.50506,0.73791,0.61582,0.74471,0.43627,0.72761,0.53798,0.5837,0.48882,0.67495,0.76265,0.69412,0.51463,0.57254,0,0.54308,0.86443,0.5582,0.69558,0.58036,0.6967,0.40767,0.69463,0.82264,0.33947,0.57591,0.22894,0.45932,0.69402,0.71188,0.58046,0.65757,0.51595,0.66636,0.79524,0.49775,0.59234,0.62985,0.45857,0.72396,0.38261,0.55165,0.24893,0.50779,0.49919,0.89575,0.63375,0.53522,0.36223,0.54043,0.60188,0.55061,0.74577,0.58755,0.66511,0.82536,0.61299,0.51591,0.65812,0.71158,0.71464,0.62379,0.50488,0.85818,0.58978,0.3767,0.6011,0.57069,0.70349,0.81184,0.80001,0.092049,0.97318,0.67204,0.033158,0.70724,0.37714
0.77166,0.29325,0.88642,0.50677,0.65762,0.82245,0.41532,0.60352,0.3391,0.2511,0.80105,0.34712,0.58739,0.5781,0.30126,0.75729,0.36816,0.62853,0.5744,0.3784,0.44666,0.8412,0.64783,0.82949,0.28356,0.77841,0.50636,0.58034,0.4648,0.73082,0.75649,0.75068,0.42845,0.56566,0.45692,0,0.86719,0.53523,0.81821,0.57354,0.81399,0.25876,0.7347,0.85588,0.21311,0.5728,0.13623,0.41207,0.772,0.7968,0.57838,0.74086,0.47208,0.76248,0.87219,0.41655,0.57618,0.67319,0.38705,0.80547,0.25291,0.52455,0.18439,0.44161,0.40838,0.90738,0.67802,0.50035,0.30593,0.5049,0.61788,0.5027,0.80095,0.58752,0.66918,0.87008,0.65863,0.47663,0.65808,0.78244,0.75933,0.67702,0.45411,0.9238,0.57173,0.29192,0.64244,0.54972,0.76325,0.84215,0.84845,0.03719,0.99299,0.66977,0.025169,0.77444,0.31731
0.17745,0.10922,0.20314,0.14436,0.15691,0.17246,0.12452,0.15211,0.11381,0.09169,0.17797,0.11498,0.20253,0.14859,0.10372,0.15948,0.12402,0.14512,0.15206,0.1182,0.12788,0.19175,0.15201,0.19832,0.11043,0.20099,0.14202,0.14694,0.1934,0.17275,0.47512,0.18146,0.12619,0.13999,0.13557,0.13281,0,0.13682,0.17221,0.14696,0.17294,0.1051,0.18788,0.28616,0.091951,0.14081,0.067895,0.13016,0.17646,0.18295,0.14393,0.16124,0.13369,0.16327,0.22895,0.12396,0.17935,0.15586,0.11955,0.18909,0.10067,0.13726,0.074136,0.12679,0.12355,0.46083,0.15731,0.13764,0.10585,0.13518,0.14942,0.13294,0.20916,0.14762,0.20004,0.27216,0.14859,0.13808,0.20204,0.18582,0.1967,0.15189,0.13028,0.28416,0.20064,0.10226,0.14417,0.17393,0.185,0.28151,0.24882,0.033993,0.6348,0.22302,0.012343,0.18471,0.10787
0.74156,0.27698,0.85631,0.48972,0.62658,0.77762,0.39806,0.5772,0.32047,0.24417,0.76742,0.32776,0.57739,0.55288,0.29179,0.70766,0.35901,0.583,0.55273,0.36234,0.42387,0.81213,0.61226,0.80495,0.26732,0.7584,0.48785,0.55278,0.45858,0.7025,0.75279,0.72534,0.39726,0.5283,0.4418,0.46477,0.86318,0,0.77447,0.54733,0.77249,0.24513,0.71353,0.84543,0.20352,0.53518,0.13125,0.40023,0.74116,0.76745,0.5466,0.69874,0.4523,0.71868,0.85422,0.39072,0.56368,0.63775,0.3701,0.77879,0.24049,0.4954,0.17872,0.41569,0.38126,0.90284,0.64354,0.47887,0.29739,0.47781,0.58528,0.46037,0.78186,0.55928,0.65514,0.85833,0.61279,0.46007,0.64489,0.75625,0.73929,0.63364,0.43426,0.91211,0.56217,0.2806,0.58694,0.5378,0.73847,0.83155,0.83463,0.036104,0.99109,0.65865,0.02465,0.74846,0.30784
0.53016,0.094852,0.66223,0.34016,0.3962,0.49954,0.23937,0.37013,0.13341,0.17232,0.54094,0.13581,0.48702,0.35051,0.19613,0.3924,0.27015,0.26442,0.37418,0.21089,0.22378,0.61557,0.35408,0.63162,0.071654,0.60636,0.32711,0.33526,0.39917,0.49637,0.71865,0.53871,0.12046,0.24608,0.30442,0.18179,0.82779,0.22553,0,0.33803,0.50818,0.077097,0.55058,0.76094,0.086371,0.25294,0.066805,0.28851,0.52574,0.56332,0.30176,0.41862,0.27937,0.43361,0.7233,0.15866,0.45275,0.38375,0.21087,0.59021,0.096064,0.26023,0.11601,0.18951,0.13319,0.86409,0.39582,0.29522,0.21162,0.25412,0.34062,0.12318,0.63737,0.33816,0.53612,0.76583,0.29843,0.31204,0.53192,0.56784,0.58542,0.33608,0.25864,0.8241,0.47515,0.16291,0.21545,0.43096,0.55636,0.74527,0.72708,0.016311,0.97533,0.56173,0.018676,0.56058,0.21335
0.66135,0.28384,0.75749,0.46142,0.56104,0.66321,0.37808,0.52591,0.31536,0.23951,0.67515,0.32146,0.55793,0.50622,0.28431,0.60071,0.34784,0.50929,0.51166,0.3473,0.39756,0.72326,0.5424,0.72987,0.28255,0.70241,0.45763,0.50287,0.44867,0.63173,0.7452,0.65866,0.38012,0.47323,0.41964,0.42646,0.85304,0.45267,0.66197,0,0.66398,0.2592,0.65868,0.8135,0.2126,0.47842,0.13782,0.38446,0.65933,0.68506,0.49261,0.60357,0.42419,0.61705,0.79344,0.37171,0.53933,0.56364,0.35382,0.70147,0.24795,0.45282,0.17813,0.39036,0.36624,0.88956,0.56994,0.44586,0.2896,0.43985,0.52385,0.425,0.72617,0.50756,0.62307,0.82034,0.5316,0.43473,0.61551,0.68346,0.68505,0.55021,0.4082,0.86729,0.54409,0.27519,0.50633,0.51577,0.67156,0.80008,0.79125,0.041847,0.98089,0.63396,0.024684,0.67723,0.29921
0.52404,0.098368,0.65233,0.33863,0.39276,0.49134,0.2389,0.3677,0.13576,0.17202,0.53357,0.13819,0.48572,0.34831,0.19579,0.38853,0.26946,0.26631,0.37198,0.21073,0.22393,0.60759,0.35147,0.62509,0.076814,0.60219,0.32565,0.33327,0.39849,0.4914,0.71824,0.53374,0.12749,0.24793,0.3033,0.18601,0.82706,0.22751,0.49182,0.33602,0,0.080731,0.54666,0.75869,0.087851,0.2541,0.067301,0.28768,0.51949,0.55667,0.30056,0.41364,0.27837,0.42797,0.71819,0.1617,0.45122,0.38029,0.21078,0.58396,0.098106,0.26009,0.11599,0.19126,0.13822,0.86313,0.392,0.29401,0.21118,0.25397,0.33843,0.13407,0.63308,0.3361,0.534,0.76299,0.29863,0.31098,0.52984,0.56235,0.58145,0.33434,0.25797,0.82039,0.47399,0.16301,0.22299,0.42954,0.55134,0.74298,0.72394,0.016555,0.97452,0.56008,0.018662,0.55507,0.21291
0.88344,0.53383,0.95056,0.64524,0.812,0.9255,0.57891,0.76166,0.56023,0.33713,0.90553,0.57095,0.66939,0.74,0.41254,0.89715,0.46385,0.82886,0.72219,0.54268,0.64191,0.9247,0.8169,0.91285,0.5573,0.87026,0.65401,0.75058,0.52456,0.85401,0.78728,0.8616,0.70476,0.77702,0.59233,0.74124,0.8949,0.75487,0.9229,0.7408,0.91927,0,0.84087,0.90756,0.38354,0.78126,0.23483,0.52799,0.8847,0.89815,0.76476,0.88101,0.63664,0.89431,0.93276,0.65394,0.67531,0.83174,0.55783,0.90025,0.45255,0.72277,0.26638,0.66245,0.66673,0.93354,0.83263,0.66753,0.40399,0.7014,0.79121,0.78086,0.88482,0.75788,0.76411,0.92161,0.8437,0.61847,0.75051,0.8845,0.85633,0.84872,0.62511,0.96009,0.652,0.4345,0.85404,0.64794,0.86914,0.89684,0.90939,0.075289,0.99672,0.75033,0.033201,0.87892,0.42493
0.47211,0.17524,0.55888,0.33578,0.38333,0.44997,0.25885,0.36366,0.19868,0.17949,0.47565,0.2023,0.46863,0.34912,0.2066,0.39155,0.26974,0.32151,0.36438,0.23557,0.26063,0.52846,0.35972,0.54935,0.17146,0.54505,0.32655,0.34072,0.39089,0.45109,0.70878,0.48391,0.23175,0.30067,0.30537,0.2653,0.81212,0.28647,0.44942,0.34132,0.45334,0.15913,0,0.7106,0.13527,0.30461,0.091477,0.28872,0.46846,0.49462,0.32404,0.40134,0.29218,0.41064,0.63601,0.23272,0.43342,0.37757,0.23811,0.51697,0.156,0.29514,0.12823,0.24831,0.22578,0.84099,0.38448,0.30614,0.21733,0.28789,0.34886,0.25729,0.57108,0.34326,0.50412,0.705,0.3391,0.31311,0.50223,0.50293,0.52915,0.35632,0.27762,0.7429,0.4584,0.18767,0.3127,0.41459,0.49739,0.69708,0.66275,0.027521,0.94813,0.53453,0.019592,0.49814,0.22089
0.25749,0.10036,0.31637,0.19346,0.20696,0.23952,0.14538,0.19908,0.11177,0.11085,0.2567,0.11358,0.32378,0.19163,0.12299,0.20576,0.17007,0.17098,0.20418,0.13268,0.14348,0.29183,0.19221,0.31073,0.099077,0.32106,0.18521,0.18533,0.29459,0.24739,0.63169,0.27061,0.12817,0.16144,0.17736,0.14412,0.71384,0.15457,0.23906,0.1865,0.24131,0.092442,0.2894,0,0.079118,0.16339,0.054801,0.17413,0.25472,0.27121,0.17456,0.21219,0.16298,0.21672,0.38436,0.12855,0.27822,0.20175,0.13351,0.28763,0.090131,0.16005,0.077545,0.13637,0.1252,0.71457,0.20584,0.16971,0.13321,0.15679,0.1875,0.14022,0.3406,0.1864,0.3217,0.47728,0.17957,0.17971,0.3259,0.28034,0.31098,0.18861,0.1544,0.494,0.31935,0.10779,0.16597,0.26746,0.27955,0.48992,0.43024,0.017924,0.84889,0.36665,0.013453,0.2779,0.13325
0.89255,0.64063,0.94162,0.70705,0.8393,0.91505,0.65692,0.80301,0.65583,0.40295,0.90665,0.66441,0.71345,0.78672,0.48854,0.8918,0.52714,0.84456,0.7721,0.62683,0.71376,0.92339,0.84097,0.91753,0.6633,0.8879,0.71626,0.79474,0.56468,0.8717,0.8057,0.87883,0.76294,0.81144,0.66053,0.78689,0.90805,0.79648,0.91363,0.7874,0.91215,0.61646,0.86473,0.92088,0,0.81436,0.32492,0.59614,0.89306,0.9038,0.80446,0.88409,0.70499,0.89282,0.93651,0.72697,0.72413,0.85183,0.6414,0.9069,0.56746,0.77451,0.33526,0.73177,0.73712,0.94302,0.85295,0.73033,0.47296,0.75887,0.82345,0.81035,0.89949,0.80004,0.80203,0.93163,0.85514,0.6849,0.78981,0.89553,0.87709,0.86007,0.69669,0.96117,0.69656,0.52574,0.85705,0.69903,0.88479,0.91215,0.92107,0.12642,0.99591,0.7874,0.041529,0.89144,0.49795
0.71903,0.24927,0.8384,0.47083,0.5997,0.75002,0.37694,0.55218,0.29346,0.23437,0.74405,0.30014,0.56639,0.52804,0.27879,0.67413,0.34738,0.54481,0.53084,0.34183,0.39722,0.79268,0.58193,0.78736,0.23625,0.74203,0.46748,0.52608,0.45111,0.67969,0.74871,0.70495,0.35783,0.49287,0.42409,0.4272,0.85919,0.46482,0.74706,0.52158,0.7459,0.21874,0.69539,0.83661,0.18564,0,0.12144,0.3857,0.71823,0.74619,0.51639,0.66835,0.42989,0.68841,0.84146,0.35846,0.55014,0.60848,0.34852,0.75923,0.21859,0.46536,0.16984,0.38505,0.34601,0.89872,0.61509,0.45536,0.28587,0.44894,0.55593,0.41409,0.76655,0.53226,0.6412,0.84897,0.57609,0.44112,0.63156,0.73628,0.72242,0.59947,0.41125,0.90409,0.55153,0.26413,0.54252,0.52463,0.71876,0.82242,0.82357,0.032855,0.99,0.64724,0.023809,0.72835,0.29513
0.92365,0.77922,0.95172,0.8055,0.89275,0.93389,0.77621,0.87137,0.78581,0.53329,0.931,0.79134,0.79205,0.8615,0.62717,0.92023,0.64506,0.89469,0.85123,0.75585,0.8185,0.94153,0.89343,0.9394,0.79553,0.92287,0.8137,0.86675,0.64536,0.91187,0.84215,0.91652,0.85131,0.87697,0.77106,0.86377,0.93211,0.86875,0.93319,0.86218,0.9327,0.76517,0.90852,0.9452,0.67508,0.87856,0,0.71414,0.9238,0.93028,0.87285,0.91689,0.80887,0.92153,0.95257,0.82967,0.80746,0.89958,0.76741,0.93268,0.72747,0.85572,0.47583,0.83151,0.83647,0.95986,0.90031,0.82599,0.60289,0.84629,0.88362,0.87645,0.93012,0.86994,0.86539,0.95182,0.90045,0.79045,0.85591,0.92619,0.91623,0.9034,0.80441,0.96966,0.77715,0.67622,0.90062,0.78736,0.92015,0.93942,0.94466,0.26212,0.99588,0.85108,0.064186,0.92384,0.63126
0.71148,0.48884,0.76681,0.57513,0.65445,0.71228,0.52336,0.63095,0.50362,0.35019,0.71868,0.50899,0.62781,0.61811,0.41282,0.68002,0.45334,0.63377,0.61702,0.50029,0.55225,0.74658,0.64627,0.75287,0.49874,0.73942,0.57642,0.61866,0.5135,0.69453,0.77282,0.71059,0.56539,0.61157,0.54068,0.58793,0.86984,0.59977,0.71149,0.61554,0.71232,0.47201,0.71128,0.82587,0.40386,0.6143,0.28586,0,0.71026,0.72505,0.61693,0.68054,0.55877,0.68768,0.79687,0.54906,0.61986,0.65771,0.5087,0.73528,0.44591,0.59289,0.29442,0.55662,0.55146,0.89779,0.6608,0.57604,0.40525,0.58308,0.63455,0.59556,0.75503,0.622,0.68572,0.82678,0.64477,0.55596,0.6793,0.72511,0.72841,0.65329,0.54971,0.85375,0.61493,0.43064,0.63587,0.59979,0.71845,0.81641,0.80356,0.13311,0.96886,0.69138,0.040197,0.72147,0.42202
0.50437,0.133,0.61237,0.33972,0.39217,0.47432,0.24841,0.3685,0.16428,0.17552,0.51012,0.1675,0.48207,0.35103,0.20079,0.3944,0.27099,0.29872,0.37136,0.22196,0.24148,0.57585,0.35822,0.5969,0.1205,0.58342,0.3281,0.33893,0.3973,0.47713,0.71609,0.51628,0.18177,0.27647,0.30598,0.228,0.82354,0.25884,0.47426,0.34067,0.48051,0.1153,0.53154,0.74528,0.10694,0.28177,0.076199,0.28974,0,0.53271,0.31386,0.41108,0.28592,0.42292,0.69,0.19634,0.44732,0.38197,0.22318,0.55865,0.12255,0.27821,0.12084,0.219,0.18191,0.85761,0.39146,0.301,0.2145,0.27115,0.34587,0.20373,0.61275,0.3417,0.52618,0.74608,0.32326,0.31377,0.52295,0.5406,0.56452,0.34893,0.26773,0.79603,0.47074,0.17332,0.27792,0.42654,0.53228,0.73033,0.70534,0.020099,0.96727,0.55384,0.019028,0.53443,0.21697
0.47068,0.11795,0.57711,0.31985,0.3617,0.43652,0.22994,0.34197,0.14728,0.16649,0.47554,0.1501,0.46806,0.32556,0.18903,0.35817,0.259,0.26805,0.34759,0.20484,0.2202,0.54203,0.32776,0.56617,0.10575,0.55739,0.30733,0.31254,0.38835,0.44664,0.71039,0.48692,0.16024,0.24881,0.28812,0.2032,0.81705,0.23255,0.43668,0.31494,0.44333,0.10185,0.50538,0.72879,0.096205,0.25381,0.069724,0.27495,0.46729,0,0.28644,0.37623,0.26504,0.38707,0.66374,0.17554,0.43056,0.35071,0.20547,0.52722,0.10972,0.2531,0.11347,0.19726,0.16136,0.84989,0.36026,0.27882,0.20351,0.24707,0.317,0.17889,0.58711,0.31489,0.50724,0.72745,0.29126,0.29466,0.50492,0.51001,0.53881,0.31633,0.2473,0.77571,0.45736,0.16024,0.24665,0.41069,0.50299,0.71388,0.68444,0.018245,0.96212,0.53816,0.018278,0.50417,0.20506
0.68773,0.26268,0.79591,0.46384,0.57671,0.7,0.3744,0.53589,0.30003,0.23514,0.70645,0.30672,0.56119,0.51397,0.27931,0.62951,0.34589,0.52014,0.51874,0.34137,0.39349,0.75625,0.55738,0.75787,0.25608,0.72166,0.46002,0.51087,0.449,0.65331,0.74665,0.68017,0.3648,0.47747,0.41954,0.42162,0.85607,0.4534,0.69824,0.50739,0.69944,0.23524,0.67596,0.82544,0.19554,0.48361,0.12715,0.38307,0.68614,0.71356,0,0.63005,0.42396,0.6465,0.81798,0.36066,0.54352,0.58149,0.34784,0.72891,0.22945,0.45468,0.1721,0.3833,0.35177,0.89429,0.58777,0.44748,0.28581,0.44021,0.53554,0.41499,0.7461,0.51622,0.63127,0.83524,0.54683,0.43549,0.62266,0.70836,0.70305,0.56838,0.40646,0.88697,0.5468,0.26671,0.51625,0.51891,0.69377,0.81151,0.80784,0.036093,0.98616,0.63989,0.02404,0.70127,0.29506
0.59224,0.14109,0.72116,0.38191,0.46167,0.58217,0.28232,0.42846,0.18214,0.19179,0.60778,0.18588,0.51336,0.40708,0.22198,0.48504,0.29483,0.35514,0.42437,0.25152,0.27772,0.67461,0.42728,0.68389,0.12028,0.65204,0.37177,0.39597,0.41626,0.55642,0.72886,0.59355,0.19399,0.32463,0.34243,0.25914,0.83876,0.30126,0.58138,0.39643,0.58636,0.11899,0.59866,0.78781,0.11591,0.33165,0.083109,0.31946,0.58892,0.62377,0.36995,0,0.32672,0.51696,0.76442,0.22038,0.48479,0.45614,0.25355,0.64635,0.13268,0.32491,0.13262,0.25024,0.19893,0.87656,0.4664,0.34575,0.23503,0.31531,0.40942,0.2156,0.68123,0.39998,0.57118,0.79544,0.38844,0.35316,0.56508,0.62378,0.63134,0.4214,0.30646,0.85344,0.50047,0.19403,0.32337,0.46165,0.61016,0.77247,0.76091,0.021097,0.9816,0.59046,0.020283,0.61612,0.23908
0.71554,0.38727,0.79479,0.52635,0.63216,0.72192,0.45434,0.59796,0.41256,0.28436,0.72828,0.41934,0.59776,0.57984,0.34042,0.67355,0.39603,0.59987,0.5795,0.42443,0.48489,0.76642,0.62009,0.77061,0.39438,0.74505,0.52629,0.57991,0.47909,0.68973,0.76053,0.71071,0.49082,0.56583,0.48405,0.52792,0.86631,0.5477,0.72063,0.57581,0.72163,0.36336,0.70782,0.83702,0.29501,0.57011,0.19113,0.44123,0.71408,0.73496,0.57604,0.67328,0,0.68472,0.82228,0.47262,0.58679,0.63744,0.43325,0.74759,0.33982,0.54049,0.22187,0.4861,0.47279,0.90158,0.64201,0.52226,0.33957,0.52701,0.60251,0.53594,0.76513,0.58463,0.6675,0.84377,0.61752,0.50146,0.65902,0.7322,0.72997,0.63104,0.48669,0.88405,0.5833,0.34503,0.60247,0.56314,0.72141,0.82506,0.81917,0.066222,0.98226,0.67222,0.029367,0.72687,0.35343
0.58065,0.12685,0.71259,0.37239,0.44743,0.56694,0.27167,0.41545,0.16816,0.18704,0.59571,0.17149,0.50786,0.39419,0.21562,0.46528,0.28912,0.33222,0.41319,0.24119,0.26385,0.66492,0.41057,0.67514,0.10429,0.64376,0.36146,0.38197,0.4126,0.54452,0.72683,0.58346,0.17138,0.30445,0.33364,0.23752,0.83673,0.28132,0.56639,0.38295,0.57203,0.10569,0.58936,0.78328,0.10718,0.31159,0.078473,0.31232,0.57708,0.61293,0.3535,0.48304,0.31528,0,0.75812,0.20289,0.47802,0.44026,0.24265,0.63666,0.12177,0.30867,0.12836,0.23378,0.17946,0.87441,0.45109,0.33371,0.22941,0.29992,0.39359,0.18682,0.67352,0.38572,0.56415,0.79066,0.36679,0.34365,0.55835,0.61371,0.62281,0.4017,0.29468,0.84945,0.49515,0.18593,0.2942,0.45511,0.60013,0.76783,0.75529,0.019638,0.98102,0.58472,0.019881,0.6059,0.23284
0.31474,0.076982,0.39546,0.22601,0.23462,0.27679,0.15441,0.22615,0.094987,0.12451,0.31133,0.096667,0.38687,0.21553,0.13632,0.22114,0.19889,0.16575,0.23795,0.13706,0.14217,0.36712,0.20746,0.39741,0.070217,0.40955,0.21267,0.20339,0.33661,0.29986,0.67295,0.33657,0.10276,0.15546,0.20476,0.12781,0.77105,0.14578,0.2767,0.20656,0.28181,0.06724,0.36399,0.61564,0.063489,0.15854,0.047435,0.20313,0.31,0.33626,0.18202,0.23558,0.17772,0.24188,0,0.11179,0.3383,0.22299,0.13638,0.36228,0.071831,0.16105,0.082049,0.1255,0.10317,0.79207,0.23029,0.18571,0.1517,0.15809,0.20222,0.11401,0.43708,0.2044,0.39813,0.60019,0.1799,0.20664,0.40097,0.35133,0.39486,0.19627,0.16425,0.631,0.37993,0.10888,0.15222,0.32352,0.3502,0.60221,0.54796,0.012645,0.9151,0.44395,0.014729,0.34758,0.15008
0.80323,0.37976,0.89841,0.55279,0.70589,0.8444,0.47091,0.65463,0.41714,0.28023,0.82827,0.42611,0.61427,0.63107,0.33904,0.7932,0.40025,0.69188,0.62262,0.43455,0.5133,0.86171,0.70069,0.85185,0.38417,0.80587,0.55548,0.63594,0.48459,0.76759,0.76653,0.78366,0.52846,0.63571,0.50225,0.58345,0.87604,0.60928,0.84134,0.62829,0.8383,0.34606,0.76728,0.87145,0.27303,0.64154,0.17033,0.45094,0.80366,0.82446,0.63934,0.77962,0.52738,0.79711,0.88821,0,0.60869,0.72179,0.44546,0.83155,0.32359,0.59097,0.21234,0.51802,0.50069,0.91549,0.72533,0.55627,0.33903,0.57109,0.67332,0.60285,0.82564,0.64297,0.69972,0.8851,0.71527,0.52405,0.68794,0.81161,0.78876,0.72864,0.51191,0.93289,0.5981,0.34095,0.70859,0.58204,0.79445,0.85881,0.86629,0.050266,0.99356,0.69584,0.027884,0.80462,0.3537
0.55455,0.33925,0.61521,0.43687,0.49532,0.548,0.38257,0.47618,0.35424,0.25888,0.55931,0.35852,0.52226,0.4645,0.3029,0.51224,0.34874,0.46619,0.46899,0.36209,0.40028,0.59224,0.48365,0.60372,0.34482,0.59806,0.43426,0.46223,0.436,0.53891,0.72604,0.55902,0.4017,0.44719,0.40766,0.42382,0.82065,0.43632,0.54725,0.46067,0.54878,0.32469,0.56658,0.72178,0.27587,0.44986,0.19254,0.38014,0.55268,0.56944,0.45648,0.51521,0.41321,0.52198,0.6617,0.39131,0,0.49538,0.3678,0.58278,0.30735,0.43422,0.20951,0.39982,0.39125,0.84181,0.49916,0.42739,0.30279,0.42633,0.47377,0.42706,0.61619,0.46491,0.56081,0.71505,0.4773,0.41857,0.55796,0.57284,0.58662,0.48689,0.40348,0.74037,0.51201,0.3068,0.46541,0.48251,0.5679,0.71151,0.68234,0.08383,0.93438,0.58088,0.029543,0.56937,0.31311
0.62077,0.19229,0.73702,0.41093,0.5014,0.61738,0.31681,0.46627,0.2305,0.20773,0.63615,0.23537,0.52933,0.44516,0.24318,0.53546,0.3131,0.42059,0.45735,0.2856,0.32245,0.69532,0.47404,0.70324,0.17916,0.67232,0.40333,0.43749,0.42752,0.58679,0.73472,0.61984,0.26845,0.38517,0.37015,0.32681,0.84414,0.36225,0.61625,0.43636,0.61971,0.16826,0.62243,0.79825,0.14817,0.39152,0.10042,0.34229,0.61803,0.64929,0.41851,0.54386,0.36256,0.55974,0.77701,0.27821,0.50462,0,0.28947,0.66939,0.17235,0.37462,0.14747,0.30365,0.26381,0.88168,0.50855,0.38305,0.25356,0.36314,0.45514,0.30507,0.69955,0.44196,0.59066,0.8059,0.44938,0.38273,0.58399,0.64833,0.65277,0.47568,0.34382,0.86008,0.51608,0.22182,0.40501,0.48119,0.63508,0.78355,0.77348,0.027034,0.98175,0.60652,0.021669,0.64113,0.25959
0.77752,0.46677,0.84839,0.58557,0.70245,0.7905,0.51966,0.6666,0.48965,0.32206,0.79139,0.49713,0.63595,0.64868,0.38771,0.74957,0.43827,0.68245,0.64349,0.48927,0.55904,0.82277,0.69492,0.82302,0.47867,0.79486,0.58856,0.65148,0.50697,0.75264,0.77549,0.76909,0.57893,0.64753,0.54143,0.61295,0.88045,0.6299,0.78913,0.64618,0.78922,0.44217,0.76189,0.86649,0.3586,0.65148,0.23259,0.4913,0.77682,0.79453,0.65216,0.74645,0.56675,0.75735,0.86362,0.55454,0.6322,0.71053,0,0.80396,0.41078,0.61756,0.25757,0.56563,0.55782,0.91597,0.71399,0.5904,0.3822,0.60303,0.67681,0.62638,0.8123,0.65652,0.71274,0.87504,0.69827,0.56131,0.70285,0.78955,0.78096,0.70921,0.55485,0.91258,0.62062,0.40221,0.68869,0.60789,0.77835,0.8555,0.85528,0.084745,0.98769,0.71073,0.033211,0.78447,0.39964
0.44605,0.11477,0.5458,0.30599,0.34171,0.40973,0.21934,0.32415,0.14172,0.1608,0.44777,0.14441,0.45653,0.30885,0.18179,0.33636,0.25058,0.25391,0.33097,0.19558,0.2096,0.5125,0.3092,0.53838,0.10422,0.53415,0.29335,0.29602,0.38124,0.42388,0.70538,0.46267,0.15551,0.23618,0.27604,0.19453,0.81091,0.22121,0.40979,0.29853,0.41604,0.09975,0.48303,0.71237,0.093097,0.24077,0.067322,0.26472,0.44135,0.47278,0.27109,0.35365,0.25241,0.36334,0.63772,0.16845,0.41722,0.33061,0.19604,0,0.10623,0.24012,0.10936,0.18835,0.15583,0.84212,0.3397,0.2652,0.19637,0.23459,0.29954,0.17364,0.56354,0.29817,0.49111,0.70856,0.27508,0.2818,0.48968,0.48407,0.51625,0.2981,0.23548,0.75367,0.44635,0.15353,0.23501,0.3981,0.47835,0.69763,0.66384,0.017821,0.95562,0.52455,0.017826,0.47866,0.19745
0.87677,0.57578,0.93646,0.66685,0.81281,0.90579,0.60769,0.77055,0.59628,0.36351,0.89421,0.60569,0.68541,0.75172,0.44292,0.87747,0.48873,0.81845,0.73669,0.57466,0.66569,0.914,0.81445,0.90631,0.59784,0.87106,0.67527,0.76023,0.53994,0.85172,0.79404,0.86024,0.71651,0.77779,0.61739,0.74709,0.89933,0.75951,0.90394,0.75205,0.90189,0.54745,0.844,0.90987,0.43254,0.78141,0.27253,0.55409,0.87745,0.89028,0.77055,0.86732,0.66018,0.87823,0.92817,0.67641,0.69265,0.82765,0.58922,0.89377,0,0.7349,0.29442,0.68351,0.68668,0.93619,0.82904,0.68793,0.43135,0.71697,0.79347,0.77462,0.88462,0.76632,0.77608,0.92199,0.83166,0.6423,0.76342,0.88011,0.8585,0.83774,0.65006,0.95654,0.66839,0.4711,0.83427,0.66649,0.8673,0.89999,0.90977,0.096449,0.99573,0.76292,0.036536,0.87522,0.45384
0.72285,0.3061,0.82505,0.49431,0.61767,0.74184,0.40827,0.57463,0.34255,0.25183,0.74267,0.34968,0.57944,0.55251,0.30114,0.67806,0.36541,0.57404,0.55331,0.37451,0.43479,0.78724,0.6026,0.786,0.3039,0.74794,0.49261,0.55183,0.46161,0.68879,0.75352,0.71236,0.42102,0.52875,0.44835,0.47545,0.86274,0.5046,0.73977,0.54718,0.73991,0.27723,0.70486,0.83995,0.22549,0.53464,0.14428,0.40711,0.72179,0.7469,0.54532,0.67509,0.45951,0.69133,0.83895,0.40903,0.56578,0.62538,0.38244,0.75988,0.2651,0,0.18739,0.42962,0.40358,0.90115,0.6311,0.48442,0.30523,0.48416,0.57979,0.47701,0.77077,0.55758,0.65401,0.85067,0.5991,0.46608,0.64449,0.73989,0.72999,0.61787,0.44288,0.90052,0.56453,0.29404,0.57581,0.54063,0.72491,0.82653,0.82597,0.042259,0.98824,0.65871,0.025528,0.73296,0.31641
0.87945,0.74538,0.90877,0.7797,0.84818,0.88455,0.75082,0.83076,0.7524,0.54958,0.88518,0.75678,0.78163,0.82215,0.63069,0.86884,0.64792,0.84351,0.81623,0.73354,0.78217,0.8981,0.8463,0.89888,0.75695,0.8869,0.78492,0.82513,0.65177,0.86886,0.84197,0.87566,0.80334,0.82861,0.75107,0.81561,0.92586,0.82128,0.88399,0.82187,0.88401,0.73362,0.87177,0.92245,0.66474,0.83016,0.52417,0.70558,0.87916,0.88653,0.8279,0.86738,0.77813,0.87164,0.91795,0.78766,0.79049,0.85253,0.74243,0.89064,0.70558,0.81261,0,0.7905,0.79195,0.94991,0.85374,0.79202,0.61051,0.80507,0.83814,0.82409,0.89494,0.82768,0.84122,0.92614,0.84938,0.76639,0.83401,0.88454,0.88045,0.85319,0.77344,0.94269,0.76883,0.66913,0.84697,0.77324,0.87968,0.91678,0.91595,0.31702,0.98889,0.83378,0.076603,0.88236,0.63454
0.78108,0.36921,0.87602,0.54114,0.68348,0.81301,0.45944,0.6358,0.40487,0.27636,0.80365,0.41327,0.60754,0.61304,0.33346,0.75898,0.39461,0.66016,0.6074,0.42422,0.49767,0.84005,0.67522,0.83343,0.373,0.79099,0.54276,0.61628,0.48066,0.74682,0.76407,0.76495,0.5057,0.60926,0.49221,0.55839,0.87321,0.58431,0.81049,0.60964,0.80874,0.33755,0.75169,0.86363,0.26823,0.61495,0.16849,0.44338,0.781,0.80274,0.6167,0.74976,0.5139,0.76622,0.8745,0.48198,0.60018,0.69635,0.43437,0.81165,0.31649,0.57038,0.2095,0,0.48134,0.91216,0.70051,0.54137,0.33402,0.55206,0.64998,0.57209,0.81137,0.62279,0.68975,0.87621,0.68332,0.51286,0.67867,0.79217,0.77392,0.69815,0.49843,0.92377,0.59172,0.33422,0.6711,0.57402,0.7761,0.85093,0.85587,0.05053,0.99198,0.68809,0.02766,0.78536,0.34807
0.81713,0.36967,0.91613,0.55277,0.71682,0.87046,0.46854,0.66117,0.41087,0.27663,0.84563,0.42033,0.61394,0.6361,0.33496,0.82078,0.39761,0.71208,0.62599,0.43091,0.51315,0.87718,0.71433,0.86374,0.37158,0.81322,0.55587,0.64236,0.48332,0.77899,0.76632,0.79366,0.53096,0.64773,0.50081,0.59162,0.87645,0.61874,0.86681,0.63376,0.86178,0.33327,0.77422,0.8748,0.26288,0.65399,0.16353,0.44854,0.81809,0.83864,0.64823,0.80107,0.52721,0.82054,0.89683,0.49931,0.60875,0.73619,0.44218,0.84417,0.31332,0.59642,0.20805,0.51866,0,0.91653,0.73926,0.55746,0.33559,0.57477,0.68399,0.61704,0.83301,0.65004,0.7016,0.88955,0.7367,0.5235,0.68932,0.82314,0.79563,0.74885,0.51122,0.93874,0.59755,0.33541,0.73727,0.5816,0.80447,0.86197,0.87152,0.046684,0.99469,0.69667,0.027411,0.81577,0.35005
0.14365,0.070411,0.17447,0.11241,0.12033,0.13617,0.089562,0.11626,0.075476,0.067973,0.14353,0.076486,0.19001,0.11269,0.075474,0.12089,0.10036,0.1052,0.11811,0.083268,0.090264,0.16041,0.11401,0.16922,0.07067,0.17471,0.10865,0.11009,0.18939,0.13883,0.50291,0.14971,0.085461,0.1004,0.10425,0.092621,0.53917,0.097164,0.13591,0.11044,0.13687,0.066457,0.15901,0.28543,0.056976,0.10128,0.040144,0.10221,0.14239,0.15011,0.10571,0.12344,0.098416,0.12559,0.20793,0.084513,0.15819,0.11832,0.084028,0.15788,0.063812,0.098852,0.050093,0.087837,0.083474,0,0.12008,0.10192,0.080344,0.097058,0.11163,0.091731,0.18477,0.11066,0.17987,0.26597,0.10903,0.10567,0.18347,0.15431,0.1699,0.11292,0.094468,0.27767,0.18887,0.069591,0.10347,0.15293,0.15395,0.27994,0.23591,0.01607,0.68827,0.21163,0.0088969,0.15316,0.080504
0.61143,0.19083,0.72585,0.40645,0.49347,0.60514,0.31302,0.45953,0.2279,0.20607,0.62569,0.23278,0.52629,0.43892,0.24096,0.52451,0.31065,0.41285,0.45163,0.28226,0.31808,0.68512,0.46592,0.69439,0.17843,0.66539,0.39862,0.43099,0.42565,0.57835,0.73347,0.61178,0.26551,0.37872,0.36625,0.32198,0.84269,0.35646,0.60418,0.43006,0.608,0.16737,0.61552,0.79416,0.14705,0.38491,0.099694,0.3392,0.60854,0.63974,0.41223,0.5336,0.35799,0.54891,0.76971,0.27467,0.50084,0.49145,0.28601,0.6603,0.17096,0.3689,0.14626,0.29949,0.26074,0.87992,0,0.37808,0.25145,0.35779,0.4477,0.30133,0.69266,0.43528,0.58615,0.80113,0.44087,0.3786,0.57963,0.63968,0.64599,0.46672,0.33941,0.85461,0.51312,0.21953,0.3975,0.47762,0.62699,0.77948,0.76809,0.026963,0.9805,0.60292,0.021546,0.63262,0.25729
0.70059,0.35684,0.78463,0.50714,0.6122,0.70607,0.43168,0.57742,0.384,0.27026,0.71373,0.39067,0.58574,0.55874,0.32306,0.65389,0.38116,0.5751,0.55985,0.40134,0.45952,0.75458,0.59847,0.7593,0.36186,0.73299,0.50608,0.55798,0.46968,0.6735,0.75584,0.6961,0.46008,0.54007,0.46478,0.49965,0.86236,0.52113,0.70478,0.55414,0.70599,0.33247,0.69386,0.83029,0.26967,0.54464,0.17401,0.42396,0.699,0.72118,0.55252,0.65425,0.47774,0.66629,0.81429,0.44373,0.57261,0.61695,0.4096,0.7348,0.31207,0.51558,0.20798,0.45863,0.44254,0.89808,0.62192,0,0.32404,0.50208,0.58044,0.50564,0.75413,0.56273,0.65445,0.83716,0.59405,0.48164,0.64617,0.71865,0.71722,0.6089,0.46364,0.87941,0.57143,0.32361,0.57665,0.54891,0.70745,0.81789,0.81129,0.057901,0.9819,0.66084,0.027825,0.71301,0.33668
0.78627,0.61015,0.82828,0.66922,0.74267,0.78908,0.62921,0.72241,0.62079,0.44215,0.79253,0.62566,0.69723,0.71179,0.51379,0.76545,0.54277,0.73034,0.70826,0.60912,0.65946,0.81286,0.73775,0.81647,0.62109,0.80424,0.6725,0.71358,0.57613,0.77269,0.8036,0.78407,0.67704,0.71204,0.63777,0.69407,0.89415,0.70261,0.78838,0.7104,0.78882,0.59601,0.78267,0.86679,0.52704,0.71413,0.39711,0.59475,0.7855,0.79649,0.71419,0.76497,0.66043,0.77059,0.8483,0.66097,0.69721,0.74644,0.6178,0.80363,0.56865,0.69477,0.38949,0.66598,0.66441,0.91966,0.74855,0.67596,0,0.68614,0.72791,0.70219,0.81605,0.71651,0.75533,0.86856,0.73859,0.65309,0.74867,0.79559,0.79556,0.74463,0.65365,0.88992,0.68447,0.54209,0.73313,0.67859,0.78998,0.85922,0.85142,0.21743,0.97604,0.75503,0.056567,0.79275,0.52033
0.72985,0.32715,0.82742,0.5055,0.62894,0.74781,0.42201,0.58665,0.36165,0.25953,0.74881,0.36895,0.58603,0.56503,0.31095,0.68773,0.37364,0.58959,0.56478,0.38854,0.45094,0.7909,0.61515,0.79056,0.32766,0.75387,0.50452,0.56499,0.46665,0.6971,0.756,0.71959,0.44396,0.54546,0.45957,0.4951,0.86482,0.52219,0.74588,0.56015,0.74603,0.2986,0.71211,0.84321,0.24113,0.55106,0.15371,0.41692,0.72885,0.75293,0.55979,0.68469,0.47299,0.70008,0.84191,0.42891,0.57367,0.63686,0.39697,0.76541,0.28303,0.51584,0.19493,0.44794,0.42523,0.90294,0.64221,0.49792,0.31386,0,0.5928,0.49978,0.77598,0.57068,0.66116,0.85371,0.61312,0.47772,0.65154,0.74621,0.73645,0.63057,0.45701,0.9019,0.57103,0.30668,0.59266,0.54855,0.73177,0.8301,0.82959,0.046198,0.98812,0.66491,0.026278,0.73953,0.32582
0.65625,0.23459,0.76644,0.4407,0.54285,0.66083,0.34985,0.50499,0.27186,0.22355,0.67298,0.27759,0.54705,0.48362,0.26401,0.5866,0.33176,0.47707,0.49158,0.3178,0.36341,0.72657,0.5203,0.73141,0.22591,0.69844,0.43528,0.4786,0.43959,0.62253,0.74131,0.652,0.32589,0.43796,0.39812,0.38212,0.85058,0.41472,0.65938,0.47615,0.66157,0.20879,0.65114,0.8125,0.17655,0.44407,0.11638,0.36545,0.65413,0.683,0.46446,0.59058,0.39749,0.60641,0.79778,0.32668,0.52623,0.54486,0.32319,0.70046,0.20653,0.42021,0.16186,0.35002,0.31601,0.88837,0.5523,0.41956,0.27209,0.4072,0,0.37038,0.72401,0.48351,0.61288,0.82108,0.50409,0.41256,0.60514,0.67998,0.67953,0.52719,0.3796,0.87334,0.53318,0.24798,0.46886,0.5022,0.66625,0.7983,0.79134,0.032551,0.98372,0.62484,0.023051,0.673,0.27997
0.79464,0.2578,0.92278,0.50116,0.6712,0.8842,0.40414,0.60745,0.31396,0.24339,0.83361,0.32213,0.58438,0.5793,0.29161,0.82491,0.3613,0.66626,0.57339,0.36519,0.4354,0.86989,0.66701,0.84924,0.23269,0.78793,0.50068,0.58337,0.46136,0.74725,0.75538,0.76471,0.4009,0.57741,0.44939,0.4973,0.86706,0.53963,0.87682,0.575,0.86593,0.21914,0.74271,0.85978,0.18965,0.58591,0.12355,0.40444,0.79627,0.82111,0.58501,0.7844,0.46406,0.81318,0.88599,0.39715,0.57294,0.69493,0.37362,0.82636,0.22538,0.52299,0.17591,0.42791,0.38296,0.90827,0.69867,0.49436,0.29781,0.50022,0.62962,0,0.8109,0.59173,0.66892,0.87598,0.70135,0.4696,0.65707,0.80034,0.76768,0.71551,0.44469,0.93321,0.5685,0.27793,0.72344,0.54586,0.77756,0.84561,0.85538,0.031839,0.99487,0.6685,0.024356,0.79134,0.30839
0.39138,0.12815,0.47401,0.27986,0.3086,0.36304,0.20675,0.29439,0.14856,0.15159,0.39164,0.15126,0.42579,0.28197,0.17112,0.30743,0.2334,0.2459,0.30014,0.18664,0.20234,0.44464,0.28412,0.46957,0.12329,0.47359,0.26883,0.27211,0.36273,0.37358,0.69026,0.40758,0.17021,0.23,0.25423,0.19905,0.79084,0.21814,0.36263,0.27383,0.36692,0.11518,0.42892,0.6594,0.10051,0.23345,0.069885,0.24497,0.38725,0.41289,0.2539,0.31877,0.23487,0.32648,0.56292,0.17436,0.38381,0.30045,0.1877,0.43646,0.11538,0.22923,0.10506,0.18863,0.16699,0.81523,0.30734,0.24587,0.18395,0.22402,0.27599,0.1891,0,0.27397,0.44825,0.64824,0.26134,0.25908,0.44907,0.42419,0.45952,0.27761,0.22113,0.68145,0.41729,0.14857,0.23551,0.36717,0.42085,0.646,0.6008,0.020265,0.9297,0.48682,0.017127,0.42001,0.18498
0.66036,0.26728,0.76116,0.4546,0.55557,0.66315,0.3686,0.51938,0.30078,0.23388,0.67518,0.30679,0.55437,0.49906,0.27724,0.59686,0.3423,0.49953,0.50526,0.3373,0.38626,0.72509,0.5357,0.73112,0.26371,0.70169,0.45029,0.49522,0.44558,0.62932,0.74395,0.65707,0.3629,0.46223,0.41245,0.41248,0.85238,0.44072,0.66184,0.49244,0.6639,0.24212,0.65674,0.8136,0.19996,0.46774,0.13006,0.378,0.6583,0.68511,0.48378,0.60002,0.41537,0.61428,0.7956,0.35703,0.53509,0.55804,0.34348,0.70183,0.23368,0.44242,0.17232,0.37721,0.34996,0.88934,0.56472,0.43727,0.28349,0.42932,0.51649,0.40827,0.72603,0,0.61996,0.82119,0.52337,0.42735,0.61229,0.68299,0.68374,0.54337,0.39872,0.86994,0.54049,0.26574,0.49524,0.51131,0.67044,0.79989,0.79188,0.038326,0.98203,0.6311,0.024086,0.67646,0.29252
0.4763,0.25001,0.54343,0.36237,0.4113,0.4646,0.30309,0.39366,0.26645,0.20616,0.47985,0.27027,0.46968,0.3819,0.23983,0.424,0.29116,0.37428,0.39026,0.28306,0.3142,0.518,0.39653,0.53319,0.25267,0.53105,0.35712,0.37761,0.39602,0.46022,0.70422,0.48406,0.30706,0.35595,0.33489,0.33082,0.79996,0.34486,0.46388,0.37693,0.466,0.23589,0.49588,0.6783,0.19797,0.3588,0.13461,0.31428,0.47382,0.49276,0.36873,0.42882,0.3325,0.43585,0.60187,0.30028,0.43919,0.40934,0.28726,0.50889,0.22392,0.34599,0.15878,0.31025,0.2984,0.82013,0.41385,0.34555,0.24467,0.33884,0.38712,0.33108,0.55175,0.38004,0,0.66839,0.38639,0.3436,0.49878,0.49846,0.51872,0.3975,0.32179,0.69492,0.46044,0.23429,0.37143,0.42242,0.4941,0.66713,0.62986,0.051346,0.92337,0.52792,0.023006,0.49483,0.25122
0.25722,0.086381,0.32104,0.19125,0.20089,0.23463,0.13801,0.19357,0.09891,0.10879,0.25542,0.1006,0.33332,0.18564,0.11939,0.1965,0.17066,0.15826,0.20091,0.12467,0.13298,0.29522,0.1835,0.31749,0.083809,0.33014,0.18141,0.17791,0.30138,0.24649,0.64107,0.27305,0.11254,0.14892,0.17464,0.12992,0.72784,0.14167,0.23417,0.17966,0.23701,0.078388,0.295,0.52272,0.06837,0.15103,0.048176,0.17322,0.25392,0.27255,0.16476,0.20456,0.15623,0.20934,0.39981,0.1149,0.28495,0.1941,0.12496,0.29144,0.078012,0.14933,0.073856,0.12379,0.11045,0.73403,0.19887,0.16284,0.13144,0.14629,0.17892,0.12402,0.35176,0.17881,0.33161,0,0.16778,0.17638,0.33607,0.28355,0.31912,0.17815,0.14664,0.51848,0.32852,0.10043,0.15159,0.27356,0.28309,0.51175,0.44986,0.014559,0.86391,0.37913,0.013269,0.28091,0.13032
0.67824,0.18425,0.81251,0.43166,0.54636,0.70454,0.33168,0.50137,0.23183,0.21344,0.70367,0.23705,0.54413,0.47704,0.25095,0.61182,0.32298,0.46305,0.4861,0.29739,0.33928,0.76072,0.52076,0.75722,0.16099,0.71166,0.42508,0.471,0.43577,0.6367,0.74053,0.66691,0.26244,0.41597,0.38701,0.34137,0.85141,0.38721,0.70157,0.4684,0.70137,0.1563,0.6609,0.82043,0.14486,0.42391,0.099551,0.35523,0.67674,0.70874,0.45317,0.61156,0.38248,0.63321,0.8201,0.28473,0.5227,0.55062,0.30173,0.72492,0.16834,0.4009,0.15062,0.31668,0.2633,0.89097,0.55913,0.40595,0.26141,0.38688,0.49591,0.29865,0.73866,0.47663,0.61361,0.83222,0,0.40152,0.60504,0.70017,0.69082,0.53071,0.36216,0.8914,0.52991,0.22814,0.44213,0.4978,0.68236,0.80546,0.80366,0.025533,0.98866,0.62453,0.022007,0.69172,0.26806
0.68779,0.40218,0.75855,0.52276,0.61381,0.68879,0.45746,0.58494,0.42309,0.29314,0.6974,0.42913,0.59376,0.56909,0.34908,0.6458,0.40048,0.58356,0.56986,0.43044,0.48548,0.73326,0.60216,0.74019,0.41016,0.72177,0.5224,0.56861,0.48009,0.66588,0.75884,0.68635,0.49245,0.55525,0.48409,0.52337,0.86192,0.53993,0.68796,0.56527,0.68902,0.38153,0.68689,0.82029,0.3151,0.55888,0.20955,0.44404,0.68623,0.70534,0.56451,0.64684,0.49854,0.65635,0.79336,0.47595,0.58143,0.61727,0.43869,0.7182,0.3577,0.53392,0.23361,0.48714,0.4765,0.89433,0.6214,0.51836,0.34691,0.52228,0.58744,0.5304,0.74092,0.57265,0.6564,0.82362,0.59848,0,0.6493,0.70495,0.70805,0.6103,0.48666,0.85869,0.58016,0.35655,0.58509,0.55935,0.69629,0.80899,0.79743,0.079943,0.97437,0.66407,0.031124,0.70033,0.36101
0.47945,0.26317,0.54368,0.36886,0.4177,0.46891,0.31226,0.40042,0.27868,0.21266,0.48298,0.28247,0.4715,0.38909,0.24753,0.43061,0.29676,0.38343,0.39656,0.29275,0.32438,0.51901,0.404,0.5334,0.26648,0.53124,0.36419,0.38532,0.39817,0.46404,0.70383,0.48656,0.31944,0.36574,0.34188,0.34192,0.79796,0.35511,0.46808,0.38449,0.47016,0.24949,0.49777,0.6741,0.21019,0.36844,0.14409,0.3207,0.47705,0.49508,0.37734,0.43492,0.34098,0.44165,0.59903,0.31206,0.44204,0.41601,0.29715,0.51032,0.23658,0.35551,0.16599,0.32133,0.31068,0.81653,0.42037,0.35383,0.25133,0.34846,0.39486,0.34293,0.55093,0.38771,0.50122,0.66393,0.39496,0.3507,0,0.50028,0.51942,0.40535,0.33082,0.68908,0.46231,0.24407,0.38122,0.42561,0.49603,0.66333,0.62639,0.057379,0.91949,0.52833,0.023955,0.49688,0.25841
0.46386,0.13144,0.56232,0.31932,0.36111,0.43201,0.23365,0.34138,0.15855,0.16761,0.46693,0.16159,0.46472,0.3263,0.19078,0.36108,0.25875,0.2789,0.34654,0.20937,0.22716,0.52911,0.33059,0.55256,0.12212,0.54708,0.3076,0.31465,0.38676,0.44031,0.70855,0.47854,0.17834,0.25915,0.28842,0.21756,0.81418,0.24375,0.43216,0.31654,0.43765,0.1155,0.49707,0.71966,0.10447,0.26372,0.073811,0.27489,0.4594,0.48999,0.29164,0.37622,0.2678,0.38629,0.64867,0.18839,0.42716,0.35167,0.21045,0.51593,0.11989,0.26011,0.11546,0.20783,0.17686,0.84569,0.36032,0.28135,0.20441,0.25379,0.32002,0.19966,0.57581,0.31701,0.50154,0.71645,0.29983,0.29505,0.49972,0,0.52939,0.3219,0.25109,0.76102,0.45458,0.16456,0.26249,0.4077,0.4938,0.70509,0.67299,0.020019,0.95697,0.53323,0.018413,0.49457,0.20629
0.43924,0.15846,0.52371,0.31374,0.35378,0.41504,0.23893,0.33636,0.18042,0.16879,0.44149,0.1837,0.45125,0.32278,0.19301,0.35849,0.25549,0.29276,0.33898,0.21702,0.23861,0.49391,0.33014,0.51621,0.15455,0.51545,0.30392,0.31392,0.37959,0.41977,0.70122,0.45279,0.20939,0.27386,0.28536,0.24067,0.8033,0.26071,0.41458,0.31495,0.41855,0.14367,0.47085,0.68902,0.12291,0.27758,0.083771,0.27159,0.43548,0.46119,0.29695,0.36866,0.27003,0.37719,0.60514,0.21124,0.41338,0.34723,0.21904,0.48375,0.1415,0.27001,0.11955,0.22608,0.20437,0.8301,0.35401,0.28278,0.20444,0.26355,0.32047,0.23232,0.54048,0.31626,0.48128,0.68088,0.30918,0.29195,0.48058,0.47061,0,0.32573,0.25594,0.71646,0.44177,0.17302,0.28359,0.39546,0.466,0.67555,0.6366,0.025058,0.94003,0.51498,0.018661,0.46612,0.20704
0.65318,0.17746,0.78362,0.41931,0.52318,0.66599,0.32016,0.48216,0.2222,0.20859,0.67489,0.22707,0.53638,0.45892,0.24442,0.5735,0.31633,0.4344,0.47025,0.28698,0.32495,0.73454,0.49523,0.73556,0.15659,0.69492,0.41184,0.45152,0.43101,0.61395,0.73758,0.64616,0.25062,0.39305,0.37621,0.32298,0.84811,0.36636,0.66392,0.44979,0.66566,0.15128,0.64368,0.81139,0.13993,0.40053,0.096604,0.34671,0.65107,0.68367,0.43162,0.5786,0.36896,0.5983,0.80373,0.27136,0.51311,0.52432,0.29079,0.7019,0.16226,0.38213,0.14681,0.30185,0.25115,0.88708,0.53328,0.3911,0.25537,0.36943,0.47281,0.28449,0.72239,0.45663,0.6025,0.82185,0.46929,0.3897,0.59465,0.6781,0.67427,0,0.34886,0.88018,0.52253,0.2208,0.41172,0.48877,0.66183,0.79639,0.79161,0.024921,0.98657,0.61571,0.021638,0.67,0.26144
0.73339,0.39966,0.81274,0.53851,0.64982,0.74269,0.46643,0.6141,0.42547,0.28994,0.74718,0.43255,0.60573,0.59554,0.34788,0.69488,0.40327,0.61998,0.59389,0.43582,0.49932,0.78422,0.63875,0.78683,0.40751,0.75916,0.53915,0.59634,0.48419,0.70692,0.76362,0.72699,0.50795,0.58439,0.49512,0.54589,0.86972,0.56574,0.74136,0.5918,0.74203,0.37489,0.72238,0.8456,0.30331,0.58875,0.19559,0.45029,0.73227,0.7527,0.59354,0.69354,0.51331,0.70532,0.83575,0.48809,0.59652,0.65618,0.44515,0.76452,0.34994,0.55712,0.22656,0.50157,0.48878,0.90553,0.66059,0.53636,0.34635,0.54299,0.6204,0.55531,0.77887,0.60128,0.67821,0.85336,0.63784,0.51334,0.66918,0.74891,0.74406,0.65114,0,0.89403,0.59096,0.3538,0.62371,0.57238,0.73752,0.83372,0.83006,0.067297,0.98457,0.68101,0.029797,0.74344,0.3609
0.208,0.045859,0.27273,0.15592,0.15001,0.17616,0.10055,0.14681,0.057424,0.09053,0.20308,0.058379,0.31272,0.13981,0.0954,0.13556,0.14906,0.099478,0.15949,0.088598,0.088611,0.24748,0.12924,0.27551,0.041353,0.29493,0.14362,0.1297,0.28653,0.19884,0.62987,0.22928,0.060552,0.093917,0.14182,0.076197,0.71584,0.087889,0.1759,0.13271,0.17961,0.03991,0.2571,0.506,0.038829,0.095905,0.03034,0.14625,0.20397,0.22429,0.11303,0.14656,0.11595,0.15055,0.369,0.067112,0.25963,0.13992,0.087418,0.24633,0.043459,0.099482,0.05731,0.076234,0.061263,0.72233,0.14539,0.12059,0.11008,0.098098,0.12666,0.066789,0.31855,0.13006,0.30508,0.48152,0.1086,0.14131,0.31092,0.23898,0.28354,0.11982,0.10597,0,0.30851,0.071136,0.08996,0.24898,0.24021,0.49442,0.42723,0.0079943,0.85605,0.3576,0.011616,0.23654,0.10677
0.53082,0.35977,0.58084,0.43503,0.48373,0.52555,0.39115,0.46827,0.37113,0.27471,0.53441,0.37476,0.50882,0.45889,0.31788,0.49728,0.35544,0.46152,0.46211,0.37414,0.4076,0.56112,0.47471,0.57084,0.36542,0.56755,0.43329,0.45731,0.43229,0.51844,0.71417,0.53477,0.41122,0.44639,0.41022,0.42827,0.79936,0.43783,0.52485,0.45591,0.52601,0.348,0.5416,0.68065,0.30344,0.44847,0.22285,0.38507,0.52926,0.54264,0.4532,0.49953,0.4167,0.50485,0.62007,0.4019,0.48799,0.48392,0.37938,0.55365,0.33161,0.43547,0.23117,0.40828,0.40245,0.81113,0.48688,0.42857,0.31553,0.42897,0.46682,0.4315,0.58271,0.45951,0.53956,0.67148,0.47009,0.41984,0.53769,0.54542,0.55823,0.47747,0.40904,0.69149,0,0.3257,0.46116,0.473,0.54198,0.67196,0.64124,0.11302,0.90929,0.55948,0.034363,0.54302,0.32609
0.82706,0.58594,0.87983,0.66425,0.77058,0.83829,0.61303,0.74058,0.60144,0.39352,0.8379,0.60832,0.6896,0.7259,0.47082,0.80911,0.50928,0.76056,0.71823,0.58627,0.65543,0.86076,0.76666,0.86062,0.60127,0.83797,0.66965,0.72993,0.55324,0.80779,0.79759,0.81954,0.68378,0.73297,0.6233,0.70808,0.89774,0.7194,0.83709,0.72481,0.83699,0.5655,0.81233,0.89221,0.47426,0.73587,0.32378,0.56936,0.82668,0.83976,0.73329,0.80597,0.65497,0.81407,0.89112,0.65905,0.6932,0.77818,0.59779,0.84647,0.5289,0.70596,0.33087,0.66578,0.66459,0.93041,0.78047,0.67639,0.45791,0.69332,0.75202,0.72207,0.85143,0.73426,0.76571,0.89957,0.77186,0.64345,0.75593,0.83544,0.82698,0.7792,0.6462,0.92886,0.6743,0,0.76692,0.67026,0.82652,0.88318,0.88419,0.13967,0.98918,0.75905,0.042738,0.83152,0.47978
0.72207,0.17745,0.86986,0.44628,0.58294,0.79129,0.34295,0.52851,0.23356,0.2175,0.7578,0.23909,0.55363,0.50165,0.25652,0.69874,0.3297,0.51351,0.50706,0.30646,0.35333,0.8092,0.56267,0.79487,0.14253,0.73804,0.44081,0.49799,0.44109,0.67428,0.74416,0.70075,0.25325,0.44812,0.3989,0.35756,0.85583,0.41306,0.78455,0.49367,0.77701,0.14596,0.6873,0.83403,0.14295,0.45748,0.099384,0.36413,0.72208,0.75335,0.48375,0.67663,0.39753,0.7058,0.84778,0.29141,0.53459,0.59499,0.31131,0.76499,0.16573,0.42419,0.15303,0.3289,0.26273,0.89653,0.6025,0.42335,0.26687,0.40734,0.53114,0.27656,0.76449,0.50476,0.62857,0.84841,0.55787,0.41491,0.61878,0.73751,0.71641,0.58828,0.37629,0.91004,0.53884,0.23308,0,0.50875,0.71595,0.81897,0.82258,0.024758,0.99213,0.63601,0.022259,0.72814,0.27403
0.57524,0.36647,0.6333,0.45857,0.5183,0.5698,0.40636,0.49921,0.38077,0.27622,0.58005,0.38511,0.53744,0.48777,0.32306,0.53582,0.36676,0.49156,0.49126,0.38607,0.4255,0.61126,0.50758,0.62177,0.37298,0.61552,0.45666,0.486,0.44832,0.55994,0.73234,0.57888,0.42908,0.4728,0.42931,0.45028,0.82607,0.4622,0.56904,0.48423,0.57046,0.35206,0.58541,0.73254,0.30097,0.47537,0.21264,0.40021,0.57346,0.58931,0.48109,0.53835,0.43686,0.54489,0.67648,0.41796,0.51749,0.51881,0.39211,0.6019,0.33351,0.45937,0.22676,0.42598,0.4184,0.84707,0.52238,0.45109,0.32141,0.45145,0.4978,0.45414,0.63283,0.48869,0.57758,0.72644,0.5022,0.44065,0.57439,0.5923,0.60454,0.51123,0.42762,0.75102,0.527,0.32974,0.49125,0,0.58732,0.72265,0.69543,0.096617,0.93656,0.59561,0.032024,0.58895,0.33276
0.47188,0.14719,0.56708,0.32767,0.37294,0.44389,0.24427,0.35302,0.17351,0.17257,0.47538,0.17683,0.46854,0.33755,0.19735,0.37678,0.2641,0.2977,0.35599,0.22001,0.24087,0.53453,0.34471,0.55728,0.13967,0.55123,0.31682,0.32705,0.38962,0.44878,0.70976,0.48528,0.19881,0.27681,0.29651,0.23675,0.815,0.26153,0.44364,0.32844,0.44866,0.13086,0.50261,0.72045,0.11521,0.28124,0.07985,0.28155,0.46772,0.49701,0.30623,0.38984,0.27859,0.39987,0.6498,0.20555,0.4321,0.36492,0.22165,0.52165,0.1327,0.27509,0.12032,0.2239,0.19553,0.84605,0.37301,0.29255,0.21002,0.26823,0.33375,0.22244,0.57915,0.32956,0.5059,0.71691,0.31764,0.30371,0.50397,0.5062,0.534,0.33817,0.26248,0.75979,0.45802,0.17348,0.28405,0.41268,0,0.70617,0.67408,0.022321,0.95563,0.53666,0.018867,0.50091,0.21254
0.27239,0.11146,0.33141,0.20504,0.22129,0.25516,0.15656,0.2127,0.12315,0.11734,0.27198,0.12512,0.33275,0.20497,0.13107,0.22122,0.17809,0.18576,0.21701,0.14341,0.1558,0.30695,0.20676,0.32528,0.11055,0.33455,0.1971,0.19903,0.30076,0.26191,0.63585,0.28517,0.14146,0.17559,0.18816,0.15785,0.71849,0.16845,0.25473,0.19992,0.25702,0.10316,0.30292,0.51008,0.087846,0.17758,0.060577,0.18359,0.26967,0.28612,0.18849,0.22753,0.17494,0.23217,0.39779,0.14119,0.28849,0.21645,0.1445,0.30237,0.10001,0.17347,0.083219,0.14907,0.13803,0.72006,0.22052,0.18211,0.14078,0.1699,0.2017,0.15439,0.354,0.20011,0.33287,0.48825,0.19454,0.19101,0.33667,0.29491,0.32445,0.20361,0.16628,0.50558,0.32804,0.11682,0.18103,0.27735,0.29383,0,0.44212,0.020341,0.85282,0.37652,0.014094,0.29238,0.14106
0.29827,0.10004,0.36792,0.21934,0.23385,0.27341,0.15968,0.22469,0.1148,0.1229,0.29682,0.1168,0.36476,0.21545,0.13611,0.22997,0.19133,0.18512,0.2319,0.14423,0.1547,0.34097,0.2142,0.36471,0.096934,0.37572,0.20892,0.20688,0.32276,0.28555,0.65898,0.31479,0.13097,0.17379,0.19999,0.15155,0.75118,0.16537,0.27292,0.20875,0.27606,0.090611,0.33725,0.56976,0.078929,0.17643,0.055343,0.19644,0.29466,0.31556,0.19216,0.23909,0.18083,0.24471,0.45204,0.13371,0.31766,0.22652,0.14472,0.33616,0.090227,0.17403,0.084055,0.14413,0.12848,0.76409,0.23191,0.18871,0.14858,0.17041,0.20866,0.14462,0.3992,0.20812,0.37014,0.55014,0.19634,0.20257,0.37361,0.32701,0.3634,0.20839,0.16994,0.57277,0.35876,0.11581,0.17742,0.30457,0.32592,0.55788,0,0.016561,0.88768,0.41565,0.014578,0.32396,0.14804
0.97976,0.93011,0.9883,0.92701,0.96996,0.98392,0.91794,0.96129,0.93089,0.72197,0.98242,0.93343,0.89819,0.95737,0.81112,0.9803,0.80756,0.97283,0.95118,0.90821,0.94201,0.98522,0.9711,0.98404,0.93871,0.97737,0.93313,0.96034,0.7663,0.97564,0.89667,0.97657,0.95935,0.96666,0.90795,0.96281,0.96601,0.9639,0.98369,0.95815,0.98345,0.92471,0.97248,0.98208,0.87358,0.96714,0.73788,0.86689,0.9799,0.98175,0.96391,0.9789,0.93378,0.98036,0.98736,0.94973,0.91617,0.97297,0.91526,0.98218,0.90355,0.95774,0.68298,0.94947,0.95332,0.98393,0.97304,0.9421,0.78257,0.9538,0.96745,0.96816,0.97973,0.96167,0.94865,0.98544,0.97447,0.92006,0.94262,0.97998,0.97494,0.97508,0.9327,0.99201,0.88698,0.86033,0.97524,0.90338,0.97768,0.97966,0.98344,0,0.99901,0.93582,0.1108,0.97916,0.81009
0.033925,0.0039691,0.052615,0.029126,0.021289,0.024817,0.015177,0.022118,0.0057282,0.019875,0.03165,0.0057852,0.090556,0.020983,0.018642,0.015697,0.035541,0.0098855,0.027087,0.01294,0.010913,0.043616,0.016205,0.052855,0.0031181,0.062863,0.024991,0.018082,0.10002,0.032744,0.37086,0.041394,0.004868,0.0096936,0.026823,0.0070061,0.3652,0.0089053,0.024668,0.019114,0.025479,0.0032795,0.05187,0.15111,0.004091,0.010002,0.0041237,0.031137,0.032735,0.037885,0.01384,0.018399,0.017736,0.018982,0.084899,0.0064351,0.065616,0.018253,0.012307,0.044377,0.004272,0.011763,0.011106,0.0080155,0.0053145,0.31173,0.019505,0.018096,0.023964,0.011879,0.016278,0.0051288,0.070298,0.017974,0.076628,0.13609,0.011338,0.025627,0.08051,0.043028,0.059966,0.013433,0.015425,0.14395,0.090708,0.010816,0.0078657,0.063442,0.044368,0.14718,0.11232,0.00099301,0,0.10221,0.0033011,0.042616,0.021945
0.44822,0.26159,0.50563,0.35202,0.3948,0.4389,0.30238,0.37987,0.27462,0.20895,0.45114,0.27797,0.44851,0.37006,0.24223,0.40595,0.28648,0.36577,0.37646,0.28514,0.31397,0.48292,0.38311,0.49593,0.26515,0.49543,0.34797,0.3668,0.38388,0.43499,0.68907,0.45491,0.31121,0.35045,0.32796,0.33023,0.77698,0.34135,0.43827,0.36604,0.43992,0.24967,0.46547,0.63335,0.2126,0.35276,0.14892,0.30862,0.44616,0.46184,0.36011,0.40954,0.32778,0.41528,0.55605,0.30416,0.41912,0.39348,0.28927,0.47545,0.23708,0.34129,0.16622,0.31191,0.30333,0.78837,0.39708,0.33916,0.24497,0.33509,0.37516,0.3315,0.51318,0.3689,0.47208,0.62087,0.37547,0.33593,0.47167,0.46677,0.48502,0.38429,0.31899,0.6424,0.44052,0.24095,0.36399,0.40439,0.46334,0.62348,0.58435,0.064183,0.89779,0,0.02433,0.46382,0.25188
0.98101,0.96795,0.984,0.97037,0.97793,0.98137,0.96758,0.9762,0.9685,0.93056,0.98151,0.96897,0.96792,0.97533,0.94907,0.97982,0.94838,0.97744,0.97463,0.96565,0.97136,0.98287,0.97773,0.98306,0.96925,0.98201,0.97115,0.97566,0.93425,0.97999,0.96819,0.98072,0.9737,0.97605,0.96684,0.97483,0.98766,0.97535,0.98132,0.97532,0.98134,0.9668,0.98041,0.98655,0.95847,0.97619,0.93581,0.9598,0.98097,0.98172,0.97596,0.97972,0.97063,0.98012,0.98527,0.97212,0.97046,0.97833,0.96679,0.98217,0.96346,0.97447,0.9234,0.97234,0.97259,0.9911,0.97845,0.97218,0.94343,0.97372,0.97695,0.97564,0.98287,0.97591,0.97699,0.98673,0.97799,0.96888,0.97605,0.98159,0.98134,0.97836,0.9702,0.98838,0.96564,0.95726,0.97774,0.96798,0.98113,0.98591,0.98542,0.8892,0.9967,0.97567,0,0.98137,0.94891
0.46988,0.13738,0.56784,0.32399,0.36779,0.4396,0.23866,0.34806,0.16451,0.17003,0.47335,0.16767,0.46753,0.33268,0.19395,0.36945,0.26171,0.28745,0.35193,0.21423,0.23331,0.53471,0.33793,0.55802,0.12852,0.55154,0.31261,0.3211,0.38867,0.44628,0.70945,0.48395,0.18631,0.26706,0.29276,0.22556,0.81529,0.25154,0.43942,0.32277,0.44493,0.12108,0.50186,0.7221,0.10856,0.27165,0.076164,0.27853,0.46557,0.49583,0.29873,0.38388,0.27313,0.3941,0.65242,0.19538,0.43063,0.35887,0.21553,0.52134,0.12478,0.26704,0.11764,0.21464,0.18423,0.84684,0.36738,0.28699,0.20725,0.26047,0.327,0.20866,0.57999,0.32354,0.50517,0.71909,0.30828,0.29967,0.50312,0.50543,0.53388,0.33,0.25656,0.76346,0.45698,0.16848,0.27186,0.41105,0.49909,0.70762,0.67604,0.020835,0.95738,0.53618,0.018625,0,0.2094
0.78381,0.59061,0.82948,0.65646,0.73616,0.78741,0.61288,0.71391,0.60255,0.42064,0.79089,0.60783,0.68723,0.70232,0.4927,0.7616,0.52484,0.72281,0.69848,0.59122,0.64508,0.81279,0.73089,0.81634,0.60219,0.80236,0.65985,0.70427,0.56353,0.76888,0.79863,0.78107,0.66378,0.70256,0.62286,0.68269,0.89213,0.69216,0.78665,0.70079,0.78709,0.57507,0.77911,0.86675,0.50205,0.70487,0.36874,0.57798,0.78303,0.79494,0.70494,0.76092,0.64657,0.76716,0.84992,0.6463,0.68689,0.74041,0.60036,0.80255,0.54616,0.68359,0.36546,0.65193,0.64995,0.9195,0.74271,0.66332,0.47967,0.67418,0.72003,0.69161,0.81502,0.70748,0.74878,0.86968,0.73194,0.63899,0.74159,0.79371,0.79296,0.73856,0.6391,0.89323,0.67391,0.52022,0.72597,0.66724,0.78746,0.85894,0.85196,0.18991,0.97805,0.74812,0.051086,0.7906,0
